eps,index,u,v
0.5,0,5.018834114075e+00,5.018834114075e+00
0.5,1,8.793090820312e+00,6.570428848267e+00
0.5,2,7.786597251892e+00,2.886110305786e+00
0.5,3,3.899248123169e+00,8.773805618286e+00
0.5,4,6.531399726868e+00,6.645763397217e+00
0.5,5,9.716757774353e+00,3.877143859863e+00
0.5,6,7.165207862854e+00,7.456978797913e+00
0.5,7,7.401623725891e+00,5.448966979980e+00
0.5,8,3.282966613770e+00,7.160015106201e+00
0.5,9,8.179985046387e+00,3.178195953369e+00
0.5,10,5.510560035706e+00,8.026605606079e+00
0.5,11,5.087229728699e+00,4.675118446350e+00
0.5,12,7.815959930420e+00,5.150690078735e+00
0.5,13,9.790293693542e+00,4.069985866547e+00
0.5,14,4.548034667969e+00,7.191774368286e+00
0.5,15,6.772047996521e+00,1.450534343719e+00
0.5,16,8.509936332703e+00,3.384237289429e+00
0.5,17,8.829430580139e+00,8.259750366211e+00
0.5,18,9.680276870728e+00,6.589799880981e+00
0.5,19,8.789187431335e+00,1.532397747040e+00
0.5,20,8.415783882141e+00,3.908744812012e+00
0.5,21,9.526755332947e+00,6.517749786377e+00
0.5,22,4.014815330505e+00,8.246560096741e+00
0.5,23,3.264747619629e+00,9.112838745117e+00
0.5,24,7.161105155945e+00,3.555790901184e+00
0.5,25,7.761631011963e+00,3.183038711548e+00
0.5,26,8.942968368530e+00,2.611537933350e+00
0.5,27,8.727158546448e+00,3.883238792419e+00
0.5,28,7.977240562439e+00,3.060148239136e+00
0.5,29,8.412551879883e-01,5.904779434204e+00
0.5,30,3.911191940308e+00,6.073919296265e+00
0.5,31,5.118864059448e+00,1.414169311523e+00
0.5,32,7.276808738708e+00,4.641166687012e+00
0.5,33,5.834092140198e+00,7.341460227966e+00
0.5,34,1.551165580750e+00,6.547746658325e+00
0.5,35,8.779766082764e+00,5.754798412323e+00
0.5,36,4.914001464844e+00,4.749834060669e+00
0.5,37,8.108685493469e+00,3.433061122894e+00
0.5,38,5.687791824341e+00,2.634494781494e+00
0.5,39,8.332917213440e+00,7.088705062866e+00
0.5,40,8.736649513245e+00,8.603058815002e+00
0.5,41,7.765129089355e+00,5.706077575684e+00
0.5,42,7.967967987061e+00,2.920461654663e+00
0.5,43,7.739138603210e+00,4.197839260101e+00
0.5,44,3.832239151001e+00,7.001250267029e+00
0.5,45,4.350635528564e+00,6.798585891724e+00
0.5,46,5.661980628967e+00,4.601878166199e+00
0.5,47,8.779701232910e+00,3.725896358490e+00
0.5,48,4.071325302124e+00,3.201017379761e+00
0.5,49,9.248811721802e+00,3.943057537079e+00
0.5,50,7.474951744080e-01,7.244491577148e+00
0.5,51,9.517361640930e+00,6.534988403320e+00
0.5,52,1.015026092529e+01,6.276291847229e+00
0.5,53,9.423805236816e+00,6.962266921997e+00
0.5,54,7.638535499573e+00,1.550397872925e+00
0.5,55,6.932763099670e+00,7.151519775391e+00
0.5,56,2.981766700745e+00,4.143260955811e+00
0.5,57,1.002667522430e+01,8.578555107117e+00
0.5,58,7.977454185486e+00,4.089687347412e+00
0.5,59,7.467082023621e+00,5.312407970428e+00
0.5,60,7.824521064758e+00,6.137348175049e+00
0.5,61,4.940059661865e+00,2.478356361389e+00
0.5,62,7.394410133362e+00,3.645311832428e+00
0.5,63,6.024661064148e+00,6.636335849762e+00
0.5,64,7.197505950928e+00,3.380709648132e+00
0.5,65,7.497714042664e+00,6.428078651428e+00
0.5,66,8.823206901550e+00,3.835284233093e+00
0.5,67,4.025632858276e+00,2.566396713257e+00
0.5,68,1.006860923767e+01,6.326763629913e+00
0.5,69,5.991311073303e+00,7.296881675720e+00
0.5,70,7.236766815186e+00,7.375736236572e+00
0.5,71,9.349082946777e+00,5.464525222778e+00
0.5,72,9.608030319214e+00,5.192853927612e+00
0.5,73,7.401946067810e+00,7.735787391663e+00
0.5,74,9.657422065735e+00,6.006164550781e+00
0.5,75,9.612484931946e+00,5.925046920776e+00
0.5,76,8.127866744995e+00,4.006218910217e+00
0.5,77,4.322271347046e+00,9.577846527100e-01
0.5,78,8.129884719849e+00,4.041862487793e+00
0.5,79,9.767506599426e+00,4.747224807739e+00
0.5,80,6.384560585022e+00,3.019283294678e+00
0.5,81,9.859510421753e+00,6.148755550385e+00
0.5,82,7.377408981323e+00,6.035821914673e+00
0.5,83,8.154521942139e+00,3.160202026367e+00
0.5,84,9.933089256287e+00,3.630287170410e+00
0.5,85,9.586257934570e+00,2.726299285889e+00
0.5,86,6.898241043091e+00,2.457302570343e+00
0.5,87,6.131428718567e+00,4.341186523438e+00
0.5,88,9.311850547791e+00,5.299563407898e+00
0.5,89,5.262866020203e+00,5.909898757935e+00
0.5,90,7.682887077332e+00,2.493817329407e+00
0.5,91,5.784505844116e+00,5.064155578613e+00
0.5,92,6.104085922241e+00,5.205938339233e+00
0.5,93,6.450110435486e+00,4.333234786987e+00
0.5,94,6.975895881653e+00,7.429410934448e+00
0.5,95,4.771460533142e+00,5.048058509827e+00
0.5,96,8.197491645813e+00,5.510316848755e+00
0.5,97,9.435727119446e+00,9.084204673767e+00
0.5,98,8.303417205811e+00,1.332840919495e+00
0.5,99,7.521719932556e+00,3.605886459351e+00
0.5,100,7.069065093994e+00,5.696321487427e+00
0.5,101,8.986003875732e+00,4.781509399414e+00
0.5,102,6.420061111450e+00,3.937361717224e+00
0.5,103,8.228539466858e+00,4.181142807007e+00
0.5,104,7.395236015320e+00,7.120256423950e+00
0.5,105,7.190882682800e+00,5.864304542542e+00
0.5,106,5.540466308594e+00,6.486387252808e+00
0.5,107,6.070111274719e+00,8.278210639954e+00
0.5,108,6.197448730469e+00,5.068147659302e+00
0.5,109,7.862638473511e+00,8.432033538818e+00
0.5,110,9.996695518494e+00,4.130008697510e+00
0.5,111,6.978680133820e+00,8.237863540649e+00
0.5,112,5.894877433777e+00,4.456502914429e+00
0.5,113,9.767775535583e+00,9.123748779297e+00
0.5,114,8.811864852905e+00,5.291831970215e+00
0.5,115,6.209139823914e+00,6.690131187439e+00
0.5,116,8.705910682678e+00,5.851022720337e+00
0.5,117,7.519998550415e+00,9.014731407166e+00
0.5,118,6.736679553986e+00,3.095322608948e+00
0.5,119,4.254791259766e+00,3.560913085938e+00
0.5,120,2.879238128662e+00,7.288273334503e+00
0.5,121,7.154911994934e+00,2.053455352783e+00
0.5,122,6.499308586121e+00,4.959177017212e+00
0.5,123,9.069347381592e+00,3.183075904846e+00
0.5,124,7.706534385681e+00,8.075061798096e+00
0.5,125,7.658545494080e+00,6.660179138184e+00
0.5,126,7.680477142334e+00,1.083950042725e+00
0.5,127,5.141313552856e+00,3.221057891846e+00
0.5,128,7.999103546143e+00,4.932310104370e+00
0.5,129,8.374289512634e+00,5.855755805969e+00
0.5,130,6.657814979553e+00,2.568520069122e+00
0.5,131,9.597796440125e+00,3.458175659180e+00
0.5,132,6.601546287537e+00,5.712615966797e+00
0.5,133,8.404371261597e+00,6.262858390808e+00
0.5,134,6.131696701050e+00,5.845093250275e+00
0.5,135,2.883871078491e+00,3.564128875732e+00
0.5,136,8.479265213013e+00,4.366005420685e+00
0.5,137,9.185500144958e+00,3.917823791504e+00
0.5,138,3.882694244385e+00,5.184112548828e+00
0.5,139,7.078429222107e+00,2.142896652222e+00
0.5,140,7.320424079895e+00,7.302291870117e+00
0.5,141,9.478215217590e+00,3.411396503448e+00
0.5,142,6.531667709351e+00,6.940734863281e+00
0.5,143,6.076872825623e+00,5.539625167847e+00
0.5,144,8.198665618896e+00,6.229184150696e+00
0.5,145,8.071786880493e+00,3.662460327148e+00
0.5,146,7.416127204895e+00,9.213623046875e+00
0.5,147,9.023611068726e+00,4.078667640686e+00
0.5,148,6.954156875610e+00,2.936032295227e+00
0.5,149,6.211083412170e+00,5.836181640625e+00
0.5,150,5.968548774719e+00,3.389245033264e+00
0.5,151,7.521055221558e+00,6.110875606537e+00
0.5,152,8.264093399048e+00,7.092053413391e+00
0.5,153,7.779663085938e+00,1.069944572449e+01
0.5,154,7.179768562317e+00,5.105023384094e+00
0.5,155,7.278558731079e+00,1.468272209167e+00
0.5,156,6.500467300415e+00,1.106913185120e+01
0.5,157,4.282258033752e+00,8.214590072632e+00
0.5,158,6.201024055481e+00,7.182887077332e+00
0.5,159,8.789794921875e+00,4.732570648193e+00
0.5,160,9.880062103271e+00,3.026685714722e-01
0.5,161,7.458086967468e+00,5.012360572815e+00
0.5,162,4.544584274292e+00,4.446289062500e+00
0.5,163,7.475214958191e+00,5.622159957886e+00
0.5,164,4.898189544678e+00,5.382920265198e+00
0.5,165,9.324864387512e+00,4.743181228638e+00
0.5,166,3.553401947021e+00,5.442195892334e+00
0.5,167,4.764181137085e+00,4.338814735413e+00
0.5,168,-1.875076293945e-01,6.831166744232e+00
0.5,169,9.721134185791e+00,4.079427719116e+00
0.5,170,8.637469291687e+00,8.552629470825e+00
0.5,171,5.318379402161e+00,5.525868892670e+00
0.5,172,3.579986572266e+00,3.559989929199e+00
0.5,173,4.630498886108e-01,2.139575004578e+00
0.5,174,7.195462226868e+00,6.374497890472e+00
0.5,175,3.927206039429e+00,2.396524429321e+00
0.5,176,6.182977676392e+00,3.522147178650e+00
0.5,177,5.988858222961e+00,3.375858306885e+00
0.5,178,5.977132797241e+00,2.404191970825e+00
0.5,179,6.913084983826e+00,4.278218269348e+00
0.5,180,8.339529037476e+00,4.722919940948e+00
0.5,181,6.841839790344e+00,2.826098442078e+00
0.5,182,7.336212158203e+00,5.166806221008e+00
0.5,183,8.916942596436e+00,3.941251754761e+00
0.5,184,8.067742347717e+00,2.554395675659e+00
0.5,185,6.468905448914e+00,5.986874580383e+00
0.5,186,8.521367073059e+00,2.578217506409e+00
0.5,187,8.886841773987e+00,4.441957950592e+00
0.5,188,8.333998680115e+00,6.051054954529e+00
0.5,189,6.117271423340e+00,1.556251525879e+00
0.5,190,8.996781349182e+00,6.855658054352e+00
0.5,191,9.428066253662e+00,5.060722351074e+00
0.5,192,8.509319305420e+00,5.603522300720e+00
0.5,193,6.258002281189e+00,2.741228103638e+00
0.5,194,5.595499992371e+00,7.728429317474e+00
0.5,195,8.666462898254e+00,9.627483367920e+00
0.5,196,-3.242702484131e-01,4.746999740601e+00
0.5,197,4.752688407898e+00,5.401475906372e+00
0.5,198,7.759122848511e+00,1.760568618774e-01
0.5,199,6.502446174622e+00,3.794492244720e+00
0.5,200,7.997151374817e+00,5.880690574646e+00
0.5,201,3.558754920959e+00,3.209362030029e+00
0.5,202,6.336024284363e+00,4.822156906128e+00
0.5,203,4.701450347900e+00,6.292110443115e+00
0.5,204,4.284955978394e+00,5.437232971191e+00
0.5,205,6.794530868530e+00,7.561079502106e+00
0.5,206,8.139497756958e+00,3.982673645020e+00
0.5,207,2.383466720581e+00,7.710512161255e+00
0.5,208,7.921511650085e+00,7.770519256592e-01
0.5,209,4.178544998169e+00,8.372035980225e+00
0.5,210,9.108527183533e+00,4.038372993469e+00
0.5,211,7.685449600220e+00,9.714790344238e+00
0.5,212,7.387334823608e+00,1.600811004639e+00
0.5,213,5.242402076721e+00,4.116047859192e+00
0.5,214,6.715043067932e+00,5.212216854095e+00
0.5,215,5.173712730408e+00,4.891311645508e+00
0.5,216,3.435682296753e+00,4.468231201172e+00
0.5,217,8.545319557190e+00,4.288819313049e+00
0.5,218,6.758851051331e+00,6.241424560547e+00
0.5,219,8.634020805359e+00,7.444639682770e+00
0.5,220,1.009154415131e+01,4.086254119873e+00
0.5,221,8.074664115906e+00,4.202626228333e+00
0.5,222,9.650133132935e+00,4.789844512939e+00
0.5,223,6.018392562866e+00,3.128357887268e+00
0.5,224,6.565862655640e+00,3.776026725769e+00
0.5,225,4.357118606567e+00,6.088891029358e-01
0.5,226,9.023361206055e-01,7.172449111938e+00
0.5,227,5.281374931335e+00,3.606834411621e+00
0.5,228,9.185853958130e+00,2.516130447388e+00
0.5,229,5.290405273438e+00,3.839510917664e+00
0.5,230,6.138881683350e+00,6.629455566406e+00
0.5,231,6.350311279297e+00,4.113454818726e+00
0.5,232,5.461859703064e+00,5.257863044739e+00
0.5,233,7.988286018372e+00,4.523091316223e+00
0.5,234,9.551556587219e+00,5.184941291809e+00
0.5,235,9.647916793823e+00,4.215204238892e+00
0.5,236,5.735924243927e+00,6.545875549316e+00
0.5,237,6.717454910278e+00,2.634887695312e+00
0.5,238,7.663953781128e+00,8.580081939697e+00
0.5,239,7.554931640625e-01,6.253567695618e+00
0.5,240,8.057316780090e+00,7.820135593414e+00
0.5,241,5.538512229919e+00,5.295660972595e+00
0.5,242,7.159023284912e+00,8.744470596313e+00
0.5,243,3.617500305176e+00,5.019577503204e+00
0.5,244,8.946072578430e+00,9.640505790710e+00
0.5,245,8.356593132019e+00,2.278804779053e+00
0.5,246,4.332775115967e+00,6.230059623718e+00
0.5,247,7.270089149475e+00,5.688257217407e+00
0.5,248,9.887002944946e+00,3.303056716919e+00
0.5,249,5.555172920227e+00,3.581157684326e+00
0.5,250,7.379782676697e+00,5.199485778809e+00
0.5,251,6.757824420929e+00,1.159025955200e+01
0.5,252,8.521584510803e+00,7.279617309570e+00
0.5,253,4.674720764160e-01,5.601094722748e+00
0.5,254,5.181758880615e+00,5.814435958862e+00
0.5,255,4.157999038696e+00,8.052953720093e+00
0.1,0,8.594621658325e+00,8.594621658325e+00
0.1,1,1.257364654541e+01,1.024267673492e+01
0.1,2,1.148390102386e+01,6.390181064606e+00
0.1,3,7.427569866180e+00,1.203521442413e+01
0.1,4,1.019467067719e+01,1.017884922028e+01
0.1,5,1.365828990936e+01,7.404333591461e+00
0.1,6,1.089012336731e+01,1.108864498138e+01
0.1,7,1.121080970764e+01,8.953497886658e+00
0.1,8,6.779300212860e+00,1.062054157257e+01
0.1,9,1.194391155243e+01,6.711991786957e+00
0.1,10,9.200680732727e+00,1.149920368195e+01
0.1,11,8.746874809265e+00,8.270441055298e+00
0.1,12,1.164974117279e+01,8.646380424500e+00
0.1,13,1.372661018372e+01,7.615827083588e+00
0.1,14,8.075720787048e+00,1.074379444122e+01
0.1,15,1.057653522491e+01,4.990602016449e+00
0.1,16,1.223810577393e+01,6.908625125885e+00
0.1,17,1.267661476135e+01,1.188535022736e+01
0.1,18,1.355920314789e+01,1.006718063354e+01
0.1,19,1.261068630219e+01,5.074971675873e+00
0.1,20,1.229750251770e+01,7.512127876282e+00
0.1,21,1.338983154297e+01,1.012077045441e+01
0.1,22,7.558935642242e+00,1.176217842102e+01
0.1,23,6.763726711273e+00,1.258055877686e+01
0.1,24,1.085523986816e+01,7.081626415253e+00
0.1,25,1.144656276703e+01,6.701981544495e+00
0.1,26,1.273411846161e+01,6.054955959320e+00
0.1,27,1.260198974609e+01,7.482440471649e+00
0.1,28,1.172020721436e+01,6.574627876282e+00
0.1,29,4.063420295715e+00,9.464876174927e+00
0.1,30,7.440688610077e+00,9.598663330078e+00
0.1,31,8.858542442322e+00,4.928347110748e+00
0.1,32,1.099446773529e+01,8.197497367859e+00
0.1,33,9.430482864380e+00,1.089343738556e+01
0.1,34,4.697741985321e+00,1.016277599335e+01
0.1,35,1.262687587738e+01,9.402712821960e+00
0.1,36,8.586593627930e+00,8.306732177734e+00
0.1,37,1.182217693329e+01,7.017906188965e+00
0.1,38,9.308430671692e+00,6.206578731537e+00
0.1,39,1.222225952148e+01,1.057293891907e+01
0.1,40,1.263042354584e+01,1.220086860657e+01
0.1,41,1.143478298187e+01,9.202635765076e+00
0.1,42,1.186089515686e+01,6.374634742737e+00
0.1,43,1.151230144501e+01,7.747136116028e+00
0.1,44,7.337011814117e+00,1.051815986633e+01
0.1,45,7.785951137543e+00,1.028756999969e+01
0.1,46,9.264761924744e+00,8.209167480469e+00
0.1,47,1.261976528168e+01,7.310466766357e+00
0.1,48,7.747851848602e+00,6.656559944153e+00
0.1,49,1.313733100891e+01,7.510388374329e+00
0.1,50,4.080808162689e+00,1.080040454865e+01
0.1,51,1.338610267639e+01,1.014576721191e+01
0.1,52,1.422310829163e+01,9.855257034302e+00
0.1,53,1.332329463959e+01,1.048141479492e+01
0.1,54,1.151305294037e+01,5.059248447418e+00
0.1,55,1.076433753967e+01,1.071038246155e+01
0.1,56,6.394979953766e+00,7.644046306610e+00
0.1,57,1.401750850677e+01,1.216488647461e+01
0.1,58,1.176806545258e+01,7.601384639740e+00
0.1,59,1.113019847870e+01,8.876497268677e+00
0.1,60,1.154322242737e+01,9.663676261902e+00
0.1,61,8.541627883911e+00,5.935745239258e+00
0.1,62,1.112982177734e+01,7.237271785736e+00
0.1,63,9.671687126160e+00,1.019309616089e+01
0.1,64,1.096349334717e+01,6.969748020172e+00
0.1,65,1.126798248291e+01,9.985063552856e+00
0.1,66,1.262813091278e+01,7.378107547760e+00
0.1,67,7.706761360168e+00,6.137901306152e+00
0.1,68,1.409464168549e+01,9.988754272461e+00
0.1,69,9.650921821594e+00,1.072829532623e+01
0.1,70,1.097521877289e+01,1.104000091553e+01
0.1,71,1.323237514496e+01,9.027445793152e+00
0.1,72,1.350407695770e+01,8.757959365845e+00
0.1,73,1.115215587616e+01,1.119868946075e+01
0.1,74,1.359965705872e+01,9.494879722595e+00
0.1,75,1.349361610413e+01,9.466002464294e+00
0.1,76,1.186769390106e+01,7.565951824188e+00
0.1,77,7.755682468414e+00,4.304145812988e+00
0.1,78,1.193895149231e+01,7.636251926422e+00
0.1,79,1.371615600586e+01,8.298491477966e+00
0.1,80,1.018319702148e+01,6.525550842285e+00
0.1,81,1.387920284271e+01,9.746262550354e+00
0.1,82,1.125059795380e+01,9.606912612915e+00
0.1,83,1.188174438477e+01,6.659727573395e+00
0.1,84,1.392691802979e+01,7.152864933014e+00
0.1,85,1.345681762695e+01,6.278732299805e+00
0.1,86,1.070664501190e+01,5.951720714569e+00
0.1,87,9.754739761353e+00,7.948150157928e+00
0.1,88,1.317428112030e+01,8.888960838318e+00
0.1,89,8.843618392944e+00,9.447257041931e+00
0.1,90,1.135591030121e+01,5.970878124237e+00
0.1,91,9.491319656372e+00,8.661856651306e+00
0.1,92,9.753417015076e+00,8.751473426819e+00
0.1,93,1.007262706757e+01,7.894224643707e+00
0.1,94,1.084872722626e+01,1.109290599823e+01
0.1,95,8.337794303894e+00,8.595713615417e+00
0.1,96,1.195127296448e+01,9.127199172974e+00
0.1,97,1.331407928467e+01,1.264461994171e+01
0.1,98,1.208956050873e+01,4.845433712006e+00
0.1,99,1.139211273193e+01,7.124597072601e+00
0.1,100,1.078042507172e+01,9.197186470032e+00
0.1,101,1.284588527679e+01,8.318753242493e+00
0.1,102,1.028610134125e+01,7.542150974274e+00
0.1,103,1.208036708832e+01,7.792326450348e+00
0.1,104,1.104876613617e+01,1.059012126923e+01
0.1,105,1.084296417236e+01,9.426703453064e+00
0.1,106,9.140065193176e+00,1.002592658997e+01
0.1,107,9.789939880371e+00,1.177153015137e+01
0.1,108,9.830595970154e+00,8.632952690125e+00
0.1,109,1.161272621155e+01,1.195364093781e+01
0.1,110,1.403798675537e+01,7.681248664856e+00
0.1,111,1.062341976166e+01,1.175810718536e+01
0.1,112,9.663203239441e+00,8.009770393372e+00
0.1,113,1.372550964355e+01,1.251368141174e+01
0.1,114,1.269296455383e+01,8.795725822449e+00
0.1,115,9.975273132324e+00,1.021443462372e+01
0.1,116,1.254181861877e+01,9.427210807800e+00
0.1,117,1.124724006653e+01,1.254459667206e+01
0.1,118,1.041395282745e+01,6.677067756653e+00
0.1,119,7.984147548676e+00,7.078034877777e+00
0.1,120,6.356672286987e+00,1.092027187347e+01
0.1,121,1.082746887207e+01,5.548405647278e+00
0.1,122,1.013046264648e+01,8.565434455872e+00
0.1,123,1.300356292725e+01,6.738515377045e+00
0.1,124,1.150857448578e+01,1.153688526154e+01
0.1,125,1.152912139893e+01,1.022303009033e+01
0.1,126,1.133998870850e+01,4.597789764404e+00
0.1,127,8.709280967712e+00,6.771232604980e+00
0.1,128,1.175758647919e+01,8.441370964050e+00
0.1,129,1.212940216064e+01,9.459342002869e+00
0.1,130,1.050690650940e+01,6.084800243378e+00
0.1,131,1.346130275726e+01,6.931308269501e+00
0.1,132,1.032763862610e+01,9.290526390076e+00
0.1,133,1.226097774506e+01,9.917727470398e+00
0.1,134,9.925450325012e+00,9.493536949158e+00
0.1,135,6.295974731445e+00,7.081427097321e+00
0.1,136,1.232227993011e+01,7.953428745270e+00
0.1,137,1.304973125458e+01,7.456813812256e+00
0.1,138,7.325216770172e+00,8.803929328918e+00
0.1,139,1.075328350067e+01,5.683398723602e+00
0.1,140,1.107677650452e+01,1.076140308380e+01
0.1,141,1.342951965332e+01,6.956097602844e+00
0.1,142,1.025441741943e+01,1.050363159180e+01
0.1,143,9.879823684692e+00,9.108863830566e+00
0.1,144,1.196734523773e+01,9.837450027466e+00
0.1,145,1.190108489990e+01,7.184670925140e+00
0.1,146,1.115550422668e+01,1.256273937225e+01
0.1,147,1.282197761536e+01,7.627086639404e+00
0.1,148,1.063833045959e+01,6.453668117523e+00
0.1,149,9.925384521484e+00,9.407565116882e+00
0.1,150,9.822827339172e+00,6.947895050049e+00
0.1,151,1.142192745209e+01,9.767405509949e+00
0.1,152,1.207620143890e+01,1.065341854095e+01
0.1,153,1.151224803925e+01,1.407885742188e+01
0.1,154,1.085118293762e+01,8.601502418518e+00
0.1,155,1.102922344208e+01,4.993847846985e+00
0.1,156,1.021717834473e+01,1.441367816925e+01
0.1,157,7.827554225922e+00,1.177996349335e+01
0.1,158,9.795084953308e+00,1.074278545380e+01
0.1,159,1.259046077728e+01,8.355587005615e+00
0.1,160,1.382075786591e+01,3.800312757492e+00
0.1,161,1.129347133636e+01,8.549443244934e+00
0.1,162,8.121853828430e+00,7.957725048065e+00
0.1,163,1.137752437592e+01,9.245120048523e+00
0.1,164,8.450396537781e+00,9.020471572876e+00
0.1,165,1.322410488129e+01,8.322402954102e+00
0.1,166,7.006970405579e+00,8.926131248474e+00
0.1,167,8.480511665344e+00,7.897517681122e+00
0.1,168,2.937603712082e+00,1.050325679779e+01
0.1,169,1.360665035248e+01,7.617735385895e+00
0.1,170,1.255052089691e+01,1.215150928497e+01
0.1,171,8.925215721130e+00,9.116369247437e+00
0.1,172,7.221809387207e+00,7.160912990570e+00
0.1,173,3.788833379745e+00,5.599412441254e+00
0.1,174,1.101247310638e+01,9.922223091125e+00
0.1,175,7.598175048828e+00,5.953083992004e+00
0.1,176,9.983576774597e+00,7.121036052704e+00
0.1,177,9.591623306274e+00,6.882997035980e+00
0.1,178,9.648922920227e+00,5.852926731110e+00
0.1,179,1.073755836487e+01,7.892369747162e+00
0.1,180,1.206161022186e+01,8.323457717896e+00
0.1,181,1.067848110199e+01,6.374003887177e+00
0.1,182,1.112957191467e+01,8.727435112000e+00
0.1,183,1.270193767548e+01,7.472718715668e+00
0.1,184,1.189756298065e+01,6.127628326416e+00
0.1,185,1.021080684662e+01,9.538819313049e+00
0.1,186,1.241055965424e+01,6.072200298309e+00
0.1,187,1.276997375488e+01,8.010716438293e+00
0.1,188,1.208819866180e+01,9.670521736145e+00
0.1,189,9.843596458435e+00,4.947499752045e+00
0.1,190,1.284623241425e+01,1.041886138916e+01
0.1,191,1.326422309875e+01,8.578552246094e+00
0.1,192,1.235660076141e+01,9.159642219543e+00
0.1,193,9.875732421875e+00,6.290738582611e+00
0.1,194,9.263501167297e+00,1.127675056458e+01
0.1,195,1.253458690643e+01,1.305179882050e+01
0.1,196,2.920427083969e+00,8.306895256042e+00
0.1,197,8.503016471863e+00,8.990033149719e+00
0.1,198,1.150888824463e+01,3.658544301987e+00
0.1,199,1.033836555481e+01,7.348875522614e+00
0.1,200,1.172994136810e+01,9.509291648865e+00
0.1,201,7.007772922516e+00,6.725077152252e+00
0.1,202,1.021460437775e+01,8.380630493164e+00
0.1,203,8.414690971375e+00,9.783055305481e+00
0.1,204,7.970485210419e+00,8.982360839844e+00
0.1,205,1.050345325470e+01,1.109956455231e+01
0.1,206,1.186579799652e+01,7.472784519196e+00
0.1,207,5.781607151031e+00,1.122416877747e+01
0.1,208,1.171481227875e+01,4.164222717285e+00
0.1,209,7.666636943817e+00,1.185546970367e+01
0.1,210,1.290702724457e+01,7.651188850403e+00
0.1,211,1.151512050629e+01,1.317797374725e+01
0.1,212,1.106649017334e+01,5.017642498016e+00
0.1,213,9.003114700317e+00,7.668268680573e+00
0.1,214,1.056893444061e+01,8.842259407043e+00
0.1,215,8.971458435059e+00,8.484102249146e+00
0.1,216,6.905452251434e+00,7.979091167450e+00
0.1,217,1.232824611664e+01,7.855056285858e+00
0.1,218,1.048934459686e+01,9.762530326843e+00
0.1,219,1.245726299286e+01,1.099055480957e+01
0.1,220,1.412146282196e+01,7.624609470367e+00
0.1,221,1.192182350159e+01,7.816226482391e+00
0.1,222,1.360493373871e+01,8.394609451294e+00
0.1,223,9.659901618958e+00,6.652006626129e+00
0.1,224,1.014999675751e+01,7.332557678223e+00
0.1,225,8.051599502563e+00,4.005644798279e+00
0.1,226,4.034381389618e+00,1.080602741241e+01
0.1,227,9.032922744751e+00,7.140992641449e+00
0.1,228,1.299539470673e+01,5.990835666656e+00
0.1,229,8.855653762817e+00,7.396519660950e+00
0.1,230,9.821685791016e+00,1.014191722870e+01
0.1,231,1.018429851532e+01,7.697522640228e+00
0.1,232,9.056620597839e+00,8.841393470764e+00
0.1,233,1.172114086151e+01,8.121123313904e+00
0.1,234,1.350886440277e+01,8.810675621033e+00
0.1,235,1.362398433685e+01,7.774439334869e+00
0.1,236,9.431014060974e+00,1.005479717255e+01
0.1,237,1.030306911469e+01,6.125515937805e+00
0.1,238,1.137692928314e+01,1.206782531738e+01
0.1,239,4.172557353973e+00,9.735313415527e+00
0.1,240,1.178677654266e+01,1.133942699432e+01
0.1,241,9.268806457520e+00,8.804020881653e+00
0.1,242,1.090246295929e+01,1.232545661926e+01
0.1,243,7.272752285004e+00,8.590910911560e+00
0.1,244,1.284093379974e+01,1.293793678284e+01
0.1,245,1.216240119934e+01,5.842584133148e+00
0.1,246,7.841052532196e+00,9.894653320312e+00
0.1,247,1.104443645477e+01,9.180403709412e+00
0.1,248,1.382106685638e+01,6.887237548828e+00
0.1,249,9.225079536438e+00,7.138305664062e+00
0.1,250,1.117025756836e+01,8.775378227234e+00
0.1,251,1.051051521301e+01,1.501439571381e+01
0.1,252,1.239261627197e+01,1.082082653046e+01
0.1,253,3.777170181274e+00,9.206651687622e+00
0.1,254,8.752020835876e+00,9.449378013611e+00
0.1,255,7.858467102051e+00,1.150683307648e+01
0.03,0,9.196873664856e+00,9.196873664856e+00
0.03,1,1.320007705688e+01,1.085549736023e+01
0.03,2,1.202208042145e+01,6.979051113129e+00
0.03,3,7.978675842285e+00,1.255942344666e+01
0.03,4,1.080029201508e+01,1.078711795807e+01
0.03,5,1.422022628784e+01,7.987486839294e+00
0.03,6,1.148721218109e+01,1.166152572632e+01
0.03,7,1.180222129822e+01,9.559614181519e+00
0.03,8,7.367730617523e+00,1.122068500519e+01
0.03,9,1.249429798126e+01,7.260099411011e+00
0.03,10,9.780083656311e+00,1.212735366821e+01
0.03,11,9.284805297852e+00,8.858917236328e+00
0.03,12,1.227714061737e+01,9.243958473206e+00
0.03,13,1.433156013489e+01,8.182935714722e+00
0.03,14,8.593542098999e+00,1.133886528015e+01
0.03,15,1.120717144012e+01,5.546164512634e+00
0.03,16,1.283102989197e+01,7.502384662628e+00
0.03,17,1.327831268311e+01,1.245969676971e+01
0.03,18,1.415618515015e+01,1.064580154419e+01
0.03,19,1.316089344025e+01,5.632960796356e+00
0.03,20,1.291016674042e+01,8.153666496277e+00
0.03,21,1.396909523010e+01,1.075099277496e+01
0.03,22,8.073550224304e+00,1.235436439514e+01
0.03,23,7.349627971649e+00,1.314788055420e+01
0.03,24,1.143572998047e+01,7.671075344086e+00
0.03,25,1.203386783600e+01,7.292305946350e+00
0.03,26,1.336230659485e+01,6.632358074188e+00
0.03,27,1.321596145630e+01,8.121472358704e+00
0.03,28,1.230756568909e+01,7.163630962372e+00
0.03,29,4.481070518494e+00,1.012221717834e+01
0.03,30,8.026991844177e+00,1.020572185516e+01
0.03,31,9.413137435913e+00,5.519846916199e+00
0.03,32,1.157743072510e+01,8.812838554382e+00
0.03,33,9.966038703918e+00,1.150972366333e+01
0.03,34,5.173147678375e+00,1.077311611176e+01
0.03,35,1.321996879578e+01,1.000274181366e+01
0.03,36,9.147979736328e+00,8.961161613464e+00
0.03,37,1.243968772888e+01,7.592929363251e+00
0.03,38,9.874915122986e+00,6.789490222931e+00
0.03,39,1.284461593628e+01,1.115083599091e+01
0.03,40,1.325426101685e+01,1.278474617004e+01
0.03,41,1.203600311279e+01,9.781006813049e+00
0.03,42,1.248418426514e+01,6.960019111633e+00
0.03,43,1.209939765930e+01,8.325377464294e+00
0.03,44,7.850256919861e+00,1.111211204529e+01
0.03,45,8.341872215271e+00,1.087496948242e+01
0.03,46,9.866622924805e+00,8.848599433899e+00
0.03,47,1.321625518799e+01,7.893450260162e+00
0.03,48,8.330672264099e+00,7.240566730499e+00
0.03,49,1.370871925354e+01,8.081964492798e+00
0.03,50,4.607430934906e+00,1.141073226929e+01
0.03,51,1.397243881226e+01,1.069710063934e+01
0.03,52,1.482113742828e+01,1.042613697052e+01
0.03,53,1.389073181152e+01,1.107956504822e+01
0.03,54,1.213952064514e+01,5.647776126862e+00
0.03,55,1.138928318024e+01,1.135061264038e+01
0.03,56,6.930723190308e+00,8.251115798950e+00
0.03,57,1.465184783936e+01,1.274061584473e+01
0.03,58,1.235621452332e+01,8.210933685303e+00
0.03,59,1.172821903229e+01,9.469711303711e+00
0.03,60,1.215192031860e+01,1.026550579071e+01
0.03,61,9.092213630676e+00,6.481872081757e+00
0.03,62,1.172832965851e+01,7.824638366699e+00
0.03,63,1.019829940796e+01,1.078936386108e+01
0.03,64,1.156247520447e+01,7.602584838867e+00
0.03,65,1.184567165375e+01,1.055669689178e+01
0.03,66,1.317617988586e+01,7.974924087524e+00
0.03,67,8.289361953735e+00,6.754549026489e+00
0.03,68,1.469684886932e+01,1.059532070160e+01
0.03,69,1.024259567261e+01,1.127778244019e+01
0.03,70,1.158981227875e+01,1.163315963745e+01
0.03,71,1.383871078491e+01,9.630414962769e+00
0.03,72,1.408702182770e+01,9.418745040894e+00
0.03,73,1.174652576447e+01,1.177518081665e+01
0.03,74,1.417669677734e+01,1.008374500275e+01
0.03,75,1.413631820679e+01,1.007721614838e+01
0.03,76,1.248318386078e+01,8.165027618408e+00
0.03,77,8.311148643494e+00,4.846717357635e+00
0.03,78,1.252788925171e+01,8.224667549133e+00
0.03,79,1.428912639618e+01,8.892318725586e+00
0.03,80,1.080573081970e+01,7.114420890808e+00
0.03,81,1.449879837036e+01,1.035269355774e+01
0.03,82,1.187401008606e+01,1.025055885315e+01
0.03,83,1.242292118073e+01,7.288584232330e+00
0.03,84,1.452408218384e+01,7.736528873444e+00
0.03,85,1.404425716400e+01,6.891000270844e+00
0.03,86,1.133643150330e+01,6.493250370026e+00
0.03,87,1.036270046234e+01,8.589497566223e+00
0.03,88,1.380533027649e+01,9.473361015320e+00
0.03,89,9.403811454773e+00,1.007909297943e+01
0.03,90,1.194245529175e+01,6.547881603241e+00
0.03,91,9.998060226440e+00,9.289288520813e+00
0.03,92,1.034719085693e+01,9.336570739746e+00
0.03,93,1.064751911163e+01,8.511341094971e+00
0.03,94,1.145931816101e+01,1.168372344971e+01
0.03,95,8.939161300659e+00,9.210310935974e+00
0.03,96,1.253111171722e+01,9.766598701477e+00
0.03,97,1.386988639832e+01,1.319672107697e+01
0.03,98,1.269076538086e+01,5.435812473297e+00
0.03,99,1.199023628235e+01,7.761451721191e+00
0.03,100,1.139499187469e+01,9.800521850586e+00
0.03,101,1.340699768066e+01,8.909327507019e+00
0.03,102,1.090580177307e+01,8.184244155884e+00
0.03,103,1.269963550568e+01,8.405677795410e+00
0.03,104,1.163311672211e+01,1.117301845551e+01
0.03,105,1.137987613678e+01,9.985479354858e+00
0.03,106,9.674902915955e+00,1.063610172272e+01
0.03,107,1.037572765350e+01,1.234406185150e+01
0.03,108,1.036824035645e+01,9.290300369263e+00
0.03,109,1.219141197205e+01,1.253960323334e+01
0.03,110,1.466945266724e+01,8.290471076965e+00
0.03,111,1.120976543427e+01,1.238929080963e+01
0.03,112,1.022233104706e+01,8.619212150574e+00
0.03,113,1.430630874634e+01,1.312035274506e+01
0.03,114,1.329834938049e+01,9.401694297791e+00
0.03,115,1.057887649536e+01,1.081908988953e+01
0.03,116,1.317868709564e+01,9.986586570740e+00
0.03,117,1.183252239227e+01,1.313500976562e+01
0.03,118,1.098796463013e+01,7.270752906799e+00
0.03,119,8.564239501953e+00,7.708459854126e+00
0.03,120,6.940060615540e+00,1.148934936523e+01
0.03,121,1.144646739960e+01,6.111122131348e+00
0.03,122,1.071161842346e+01,9.201216697693e+00
0.03,123,1.363763618469e+01,7.345042228699e+00
0.03,124,1.210382747650e+01,1.210163688660e+01
0.03,125,1.215319061279e+01,1.087250041962e+01
0.03,126,1.193636989594e+01,5.186907291412e+00
0.03,127,9.263204574585e+00,7.386085510254e+00
0.03,128,1.237344455719e+01,9.050784111023e+00
0.03,129,1.274583530426e+01,1.006284713745e+01
0.03,130,1.111434268951e+01,6.659876346588e+00
0.03,131,1.409398174286e+01,7.525764465332e+00
0.03,132,1.090965270996e+01,9.894144058228e+00
0.03,133,1.287925243378e+01,1.051746845245e+01
0.03,134,1.055160999298e+01,1.009410190582e+01
0.03,135,6.776039123535e+00,7.712102890015e+00
0.03,136,1.291258430481e+01,8.527256011963e+00
0.03,137,1.365440464020e+01,8.048225402832e+00
0.03,138,7.846220016479e+00,9.390169143677e+00
0.03,139,1.136266708374e+01,6.293979167938e+00
0.03,140,1.167149829865e+01,1.133876609802e+01
0.03,141,1.403711032867e+01,7.511900901794e+00
0.03,142,1.083425235748e+01,1.113842773438e+01
0.03,143,1.049416828156e+01,9.771990776062e+00
0.03,144,1.251764297485e+01,1.047110748291e+01
0.03,145,1.254494571686e+01,7.824884891510e+00
0.03,146,1.177174282074e+01,1.314136600494e+01
0.03,147,1.340624713898e+01,8.223630905151e+00
0.03,148,1.121479988098e+01,7.002633094788e+00
0.03,149,1.048427486420e+01,1.006587505341e+01
0.03,150,1.041678428650e+01,7.569190025330e+00
0.03,151,1.205081653595e+01,1.037123870850e+01
0.03,152,1.269081401825e+01,1.126533889771e+01
0.03,153,1.209899139404e+01,1.459410381317e+01
0.03,154,1.147043418884e+01,9.159605979919e+00
0.03,155,1.164363002777e+01,5.589517593384e+00
0.03,156,1.078638458252e+01,1.497138118744e+01
0.03,157,8.426414489746e+00,1.238022708893e+01
0.03,158,1.037143898010e+01,1.136062240601e+01
0.03,159,1.321306419373e+01,8.988192558289e+00
0.03,160,1.446048355103e+01,4.372787475586e+00
0.03,161,1.188661956787e+01,9.136836051941e+00
0.03,162,8.622703552246e+00,8.568978309631e+00
0.03,163,1.200706195831e+01,9.883986473083e+00
0.03,164,8.981982231140e+00,9.614351272583e+00
0.03,165,1.381325817108e+01,8.900733947754e+00
0.03,166,7.555246353149e+00,9.486241340637e+00
0.03,167,9.071596145630e+00,8.512866020203e+00
0.03,168,3.374804019928e+00,1.110749721527e+01
0.03,169,1.418857097626e+01,8.265241622925e+00
0.03,170,1.318520450592e+01,1.273674869537e+01
0.03,171,9.478452682495e+00,9.702820777893e+00
0.03,172,7.798861026764e+00,7.799647331238e+00
0.03,173,4.345767498016e+00,6.166518688202e+00
0.03,174,1.164449119568e+01,1.049980354309e+01
0.03,175,8.181544303894e+00,6.558102607727e+00
0.03,176,1.055720138550e+01,7.759523391724e+00
0.03,177,1.012899017334e+01,7.454453945160e+00
0.03,178,1.024066162109e+01,6.415059566498e+00
0.03,179,1.132013225555e+01,8.509896278381e+00
0.03,180,1.265271282196e+01,8.914756774902e+00
0.03,181,1.129994010925e+01,6.967159271240e+00
0.03,182,1.174401569366e+01,9.314864158630e+00
0.03,183,1.328625106812e+01,8.113344192505e+00
0.03,184,1.244857215881e+01,6.727777481079e+00
0.03,185,1.079316806793e+01,1.015753173828e+01
0.03,186,1.302138137817e+01,6.653286933899e+00
0.03,187,1.337677192688e+01,8.612698554993e+00
0.03,188,1.270862674713e+01,1.030776309967e+01
0.03,189,1.043058490753e+01,5.494070529938e+00
0.03,190,1.344095993042e+01,1.102544879913e+01
0.03,191,1.389727783203e+01,9.155158996582e+00
0.03,192,1.295466709137e+01,9.756297111511e+00
0.03,193,1.040440273285e+01,6.889162063599e+00
0.03,194,9.848065376282e+00,1.185991477966e+01
0.03,195,1.313542175293e+01,1.359790420532e+01
0.03,196,3.406263351440e+00,8.920182228088e+00
0.03,197,9.098429679871e+00,9.575229644775e+00
0.03,198,1.208722877502e+01,4.216021537781e+00
0.03,199,1.094654083252e+01,7.915392875671e+00
0.03,200,1.231645965576e+01,1.008782100677e+01
0.03,201,7.549455642700e+00,7.311373710632e+00
0.03,202,1.082662010193e+01,9.036173820496e+00
0.03,203,9.009883880615e+00,1.037551784515e+01
0.03,204,8.560200691223e+00,9.585919380188e+00
0.03,205,1.105037117004e+01,1.170652580261e+01
0.03,206,1.246192646027e+01,8.073196411133e+00
0.03,207,6.256600379944e+00,1.180591678619e+01
0.03,208,1.231329536438e+01,4.751173019409e+00
0.03,209,8.190918922424e+00,1.242402648926e+01
0.03,210,1.353878211975e+01,8.288908004761e+00
0.03,211,1.214405441284e+01,1.375848960876e+01
0.03,212,1.165381240845e+01,5.608279705048e+00
0.03,213,9.551665306091e+00,8.254024505615e+00
0.03,214,1.118005275726e+01,9.432395935059e+00
0.03,215,9.558504104614e+00,9.072147369385e+00
0.03,216,7.387573242188e+00,8.590186119080e+00
0.03,217,1.290734767914e+01,8.456843376160e+00
0.03,218,1.107102870941e+01,1.036837387085e+01
0.03,219,1.307623767853e+01,1.159412193298e+01
0.03,220,1.471898746490e+01,8.271349906921e+00
0.03,221,1.254121589661e+01,8.458374023438e+00
0.03,222,1.420026206970e+01,8.990763664246e+00
0.03,223,1.023674583435e+01,7.215626239777e+00
0.03,224,1.072824668884e+01,7.942333221436e+00
0.03,225,8.642497062683e+00,4.502843379974e+00
0.03,226,4.515562057495e+00,1.137219524384e+01
0.03,227,9.597073554993e+00,7.734934329987e+00
0.03,228,1.362626838684e+01,6.603890895844e+00
0.03,229,9.386918067932e+00,7.995578289032e+00
0.03,230,1.041718864441e+01,1.072395229340e+01
0.03,231,1.076683235168e+01,8.321826934814e+00
0.03,232,9.657838821411e+00,9.420579910278e+00
0.03,233,1.230265140533e+01,8.696568489075e+00
0.03,234,1.413944530487e+01,9.400038719177e+00
0.03,235,1.423414802551e+01,8.391503334045e+00
0.03,236,9.991504669189e+00,1.065555191040e+01
0.03,237,1.088525104523e+01,6.708681583405e+00
0.03,238,1.199538898468e+01,1.269128704071e+01
0.03,239,4.663794994354e+00,1.031026268005e+01
0.03,240,1.239915561676e+01,1.192919063568e+01
0.03,241,9.852573394775e+00,9.368754386902e+00
0.03,242,1.149630737305e+01,1.290669250488e+01
0.03,243,7.848986148834e+00,9.159976005554e+00
0.03,244,1.345993423462e+01,1.347639942169e+01
0.03,245,1.277427291870e+01,6.419128417969e+00
0.03,246,8.372505187988e+00,1.050387001038e+01
0.03,247,1.162225341797e+01,9.756005287170e+00
0.03,248,1.441813468933e+01,7.516341209412e+00
0.03,249,9.800519943237e+00,7.758327007294e+00
0.03,250,1.178791904449e+01,9.348463058472e+00
0.03,251,1.107334136963e+01,1.558896160126e+01
0.03,252,1.299047374725e+01,1.147599983215e+01
0.03,253,4.319949626923e+00,9.807645797729e+00
0.03,254,9.349102973938e+00,1.004253864288e+01
0.03,255,8.445078849792e+00,1.208353805542e+01
