eps,index,x,y
0.5,0,-2.8860940933e+00,-2.8855972290e+00
0.5,1,-2.1586704254e+00,-2.8114013672e+00
0.5,2,2.9125690460e+00,2.3985817432e+00
0.5,3,-3.3022478223e-01,-3.9443020821e+00
0.5,4,5.0267142057e-01,-3.7626273632e+00
0.5,5,2.1881330013e+00,1.9222873449e+00
0.5,6,-1.4868219197e-01,3.7507035732e+00
0.5,7,3.5232675076e+00,-1.0661373138e+00
0.5,8,-2.8919386864e+00,-3.0157349110e+00
0.5,9,2.1060035229e+00,2.9469261169e+00
0.5,10,9.8184645176e-01,-3.6606650352e+00
0.5,11,-8.2842886448e-01,3.8058619499e+00
0.5,12,2.7152070999e+00,-2.5607261658e+00
0.5,13,-2.5600147247e+00,1.1989623308e+00
0.5,14,2.9577920437e+00,2.9328417778e+00
0.5,15,2.7507503033e+00,-2.7173590660e+00
0.5,16,-3.5395221710e+00,-3.0472174287e-01
0.5,17,-3.2233607769e+00,1.0859708786e+00
0.5,18,3.0513997078e+00,1.8247294426e-01
0.5,19,2.9538516998e+00,1.8709311485e+00
0.5,20,-1.1265984774e+00,3.3628389835e+00
0.5,21,-3.0817816257e+00,-1.8009674549e-01
0.5,22,1.4579366148e-01,3.9780848026e+00
0.5,23,-2.9278228283e+00,-2.9848005772e+00
0.5,24,-2.6181676388e+00,2.8168613911e+00
0.5,25,3.6925306320e+00,2.1427720785e-01
0.5,26,-2.1531403065e+00,-2.7592508793e+00
0.5,27,2.5538558960e+00,-2.4547033310e+00
0.5,28,-2.3460934162e+00,2.8695273399e+00
0.5,29,2.3538601398e+00,3.4087810516e+00
0.5,30,-2.9829006195e+00,-2.8472836018e+00
0.5,31,3.6072909832e+00,-1.2276483774e+00
0.5,32,-2.4258472919e+00,2.9374053478e+00
0.5,33,2.8425579071e+00,2.8954012394e+00
0.5,34,-2.8655960560e+00,3.3821582794e+00
0.5,35,-3.0284585953e+00,1.6299300194e+00
0.5,36,-3.6478245258e+00,-1.2492491007e+00
0.5,37,-2.6910371780e+00,-2.5967416763e+00
0.5,38,-2.8365886211e+00,2.8538441658e+00
0.5,39,-1.2696377039e+00,3.3283221722e+00
0.5,40,-1.2143273354e+00,3.2719283104e+00
0.5,41,-3.7073352337e+00,-3.7579548359e-01
0.5,42,3.0750970840e+00,-1.9923937321e+00
0.5,43,3.5327305794e+00,8.8162201643e-01
0.5,44,-4.3995717168e-01,4.0249772072e+00
0.5,45,-4.0945200920e+00,-1.9925765693e-01
0.5,46,-2.9070248604e+00,-2.7852442265e+00
0.5,47,-5.7720649242e-01,3.4146485329e+00
0.5,48,2.9768857956e+00,-2.7861447334e+00
0.5,49,1.5398365259e+00,2.8611605167e+00
0.5,50,-3.0958602428e+00,-2.9060206413e+00
0.5,51,-2.5606844425e+00,1.8358057737e+00
0.5,52,1.9323128462e+00,-2.8599090874e-02
0.5,53,1.6634279490e+00,2.6767926216e+00
0.5,54,1.4446004629e+00,-3.3127129078e+00
0.5,55,2.4179639816e+00,-2.9220991135e+00
0.5,56,-6.3812308013e-02,-4.0801568031e+00
0.5,57,-2.0018384457e+00,-1.2150697708e+00
0.5,58,3.4908580780e+00,9.3764787912e-01
0.5,59,-3.7329626083e+00,-5.2666693926e-01
0.5,60,-2.9452602863e+00,-2.3417773247e+00
0.5,61,3.8203773499e+00,-6.9596242905e-01
0.5,62,-1.3535262644e-01,3.7178332806e+00
0.5,63,2.5300784111e+00,3.0194075108e+00
0.5,64,-3.2562775612e+00,-1.8673475981e+00
0.5,65,-3.0612041950e+00,2.0455908775e+00
0.5,66,2.8319272995e+00,2.0431420803e+00
0.5,67,3.1542172432e+00,-2.4634051323e+00
0.5,68,-2.0941271782e+00,6.2102615833e-01
0.5,69,-2.2468574047e+00,-3.1471230984e+00
0.5,70,-6.6990846395e-01,-3.6179831028e+00
0.5,71,-2.8894112110e+00,1.4125535488e+00
0.5,72,-2.9677324295e+00,4.4593629241e-01
0.5,73,2.1306169033e-01,3.6801679134e+00
0.5,74,1.4930518866e+00,2.5469279289e+00
0.5,75,-2.6080207825e+00,-1.6944380999e+00
0.5,76,4.0428879857e-01,-3.5509898663e+00
0.5,77,-4.1035122871e+00,-1.0047961771e-01
0.5,78,-3.3756289482e+00,1.0980763435e+00
0.5,79,3.2647415996e-01,2.8365564346e+00
0.5,80,2.6807212830e+00,-2.8185822964e+00
0.5,81,2.1771609783e+00,-1.7745655775e+00
0.5,82,3.0999581814e+00,-2.0833923817e+00
0.5,83,2.8777220249e+00,2.3114137650e+00
0.5,84,2.2368323803e+00,1.3060369492e+00
0.5,85,-1.8885741234e+00,2.5264527798e+00
0.5,86,-1.4728645086e+00,-3.3812208176e+00
0.5,87,2.6385015249e-01,-3.8637363911e+00
0.5,88,-1.3178597689e+00,-2.9901368618e+00
0.5,89,-3.8412299156e+00,-7.5333642960e-01
0.5,90,3.7195153236e+00,6.6145651042e-02
0.5,91,3.3072328568e+00,1.9090826511e+00
0.5,92,-3.0549347401e+00,-2.4570095539e+00
0.5,93,3.8114407063e+00,2.5437569618e-01
0.5,94,2.0276563168e+00,-3.1144106388e+00
0.5,95,-2.8998379707e+00,-2.8932623863e+00
0.5,96,-2.8135077953e+00,2.2992486954e+00
0.5,97,2.2546651363e+00,2.2293992043e+00
0.5,98,8.5449241102e-02,3.5495486259e+00
0.5,99,-1.5442165136e+00,3.3236639500e+00
0.5,100,-5.1672321558e-01,-3.6768779755e+00
0.5,101,1.6562322378e+00,2.9318456650e+00
0.5,102,1.7082480192e+00,-3.2966032028e+00
0.5,103,2.4699022770e+00,-2.6833286285e+00
0.5,104,3.7622251511e+00,-3.6461248994e-02
0.5,105,2.9053137302e+00,2.5928385258e+00
0.5,106,-2.9773325920e+00,2.6453864574e+00
0.5,107,-1.8969016075e+00,-3.2757325172e+00
0.5,108,2.6559522152e+00,2.9545884132e+00
0.5,109,-2.9092416763e+00,2.2437582016e+00
0.5,110,2.2291989326e+00,-1.2024853230e+00
0.5,111,-3.7773342133e+00,-5.9973883629e-01
0.5,112,-1.0902774334e+00,3.6446983814e+00
0.5,113,6.5895026922e-01,2.7596230507e+00
0.5,114,-1.5135223866e+00,3.1430392265e+00
0.5,115,-1.0021103621e+00,-3.5896737576e+00
0.5,116,-1.4860849380e+00,-3.1535716057e+00
0.5,117,-2.3891761303e+00,2.9228587151e+00
0.5,118,-2.8452165127e+00,2.6351661682e+00
0.5,119,2.4457299709e+00,-3.0873172283e+00
0.5,120,-2.9195458889e+00,-3.0188753605e+00
0.5,121,-6.0846094042e-02,-3.7479989529e+00
0.5,122,3.8122286797e+00,-4.0487697721e-01
0.5,123,3.0757894516e+00,-1.5250418186e+00
0.5,124,-7.3969125748e-01,3.5812337399e+00
0.5,125,3.0435776711e+00,-2.1302108765e+00
0.5,126,-3.7167782784e+00,1.3755945861e-01
0.5,127,3.8864791393e+00,2.3420964181e-01
0.5,128,-6.3137859106e-01,-3.5284934044e+00
0.5,129,-2.9092881680e+00,-2.2325835228e+00
0.5,130,1.5000406504e+00,-3.3711681366e+00
0.5,131,-2.1495811939e+00,-2.2802708149e+00
0.5,132,-5.5751788616e-01,3.7596011162e+00
0.5,133,2.5434367657e+00,-2.5735869408e+00
0.5,134,-1.3419079781e+00,-3.4743576050e+00
0.5,135,3.0243396759e+00,3.0004334450e+00
0.5,136,-1.7698223591e+00,3.1000182629e+00
0.5,137,3.1715757847e+00,1.0829468966e+00
0.5,138,-4.0239310265e+00,2.5067394972e-01
0.5,139,-2.4378790855e+00,-2.9760658741e+00
0.5,140,-5.2725297213e-01,3.6842920780e+00
0.5,141,2.4850730896e+00,-2.0616950989e+00
0.5,142,-3.6221585274e+00,-1.1159484386e+00
0.5,143,2.5338115692e+00,-2.9318499565e+00
0.5,144,2.0778789520e+00,2.9569277763e+00
0.5,145,-1.4019453526e+00,-3.2970385551e+00
0.5,146,-6.3970768452e-01,-3.6065199375e+00
0.5,147,-2.8596258163e-01,-3.3237047195e+00
0.5,148,-2.7990298271e+00,2.6567707062e+00
0.5,149,-2.2600736618e+00,3.1466507912e+00
0.5,150,3.2880153656e+00,-1.8985689878e+00
0.5,151,3.1746373177e+00,-1.8966108561e+00
0.5,152,-3.3039147854e+00,-1.4873712063e+00
0.5,153,-2.3909573555e+00,2.8767008781e+00
0.5,154,2.7045901865e-02,-3.7481532097e+00
0.5,155,-7.4287194014e-01,-3.5929567814e+00
0.5,156,-3.5772688389e+00,1.0362491608e+00
0.5,157,-2.8865442276e+00,-2.9505853653e+00
0.5,158,3.8746044636e+00,-2.3749044538e-01
0.5,159,-2.9490709305e+00,-1.9855290651e+00
0.5,160,-2.3681764603e+00,-1.3267602921e+00
0.5,161,8.7798869610e-01,3.4988145828e+00
0.5,162,3.2402811050e+00,2.2795331478e+00
0.5,163,3.1868860722e+00,-1.8796013594e+00
0.5,164,-2.8849160671e+00,2.9267344475e+00
0.5,165,8.1729078293e-01,3.0972113609e+00
0.5,166,3.0481008813e-02,-4.0769691467e+00
0.5,167,2.9437763691e+00,-2.7593946457e+00
0.5,168,-1.0698381066e-01,4.3039040565e+00
0.5,169,-2.0604262352e+00,2.1816017628e+00
0.5,170,1.6356962919e+00,-3.0745213032e+00
0.5,171,-2.7373142242e+00,2.9994754791e+00
0.5,172,3.0658152103e+00,-2.6970849037e+00
0.5,173,-3.0330867767e+00,-3.0478634834e+00
0.5,174,2.8214459419e+00,-2.5739290714e+00
0.5,175,3.1356666088e+00,-2.5156316757e+00
0.5,176,8.8951742649e-01,3.5916018486e+00
0.5,177,2.8335461617e+00,2.8850977421e+00
0.5,178,-1.6802942753e-01,3.8904876709e+00
0.5,179,8.8664382696e-01,3.5421793461e+00
0.5,180,3.6159534454e+00,-1.4348530769e-01
0.5,181,2.3544218540e+00,-2.9647266865e+00
0.5,182,-3.4062023163e+00,-1.4999499321e+00
0.5,183,-2.5016016960e+00,2.4252867699e+00
0.5,184,1.6786576509e+00,3.1552376747e+00
0.5,185,4.3321734667e-01,3.7194752693e+00
0.5,186,2.0868930817e+00,-2.8717136383e+00
0.5,187,-9.6589660645e-01,3.3080546856e+00
0.5,188,-2.1749761105e+00,-2.9254915714e+00
0.5,189,-1.8707159758e+00,-3.2828242779e+00
0.5,190,-1.7710965872e+00,2.9681208134e+00
0.5,191,-2.2604231834e+00,-2.3746409416e+00
0.5,192,7.5105059147e-01,3.3878612518e+00
0.5,193,3.0402617455e+00,2.5659070015e+00
0.5,194,8.4151041508e-01,-3.7128102779e+00
0.5,195,9.2932277918e-01,3.3044691086e+00
0.5,196,1.0450880527e+00,3.9389355183e+00
0.5,197,2.5322434902e+00,-3.0174586773e+00
0.5,198,-2.9351177216e+00,2.2264606953e+00
0.5,199,3.1243612766e+00,-2.1919243336e+00
0.5,200,-3.5460588932e+00,6.4037615061e-01
0.5,201,1.1087154597e-01,-4.0866065025e+00
0.5,202,3.3845541477e+00,-1.6106957197e+00
0.5,203,3.0753066540e+00,-2.5491771698e+00
0.5,204,3.0141870975e+00,-2.7114334106e+00
0.5,205,2.2801516056e+00,3.0582809448e+00
0.5,206,-3.5742304325e+00,-7.1342760324e-01
0.5,207,3.0946071148e+00,2.9495997429e+00
0.5,208,-6.0310816765e-01,3.5822205544e+00
0.5,209,-2.6929144859e+00,3.1643278599e+00
0.5,210,-2.5595374107e+00,-2.3307344913e+00
0.5,211,2.6468722820e+00,-2.6552062035e+00
0.5,212,-3.6673429012e+00,5.4759454727e-01
0.5,213,9.9966579676e-01,3.6120388508e+00
0.5,214,3.1444523335e+00,-2.1134476662e+00
0.5,215,2.2548410892e+00,-3.1235346794e+00
0.5,216,3.1922373772e+00,2.5679645538e+00
0.5,217,-2.8252165318e+00,2.1460587978e+00
0.5,218,3.6260352135e+00,8.1049185991e-01
0.5,219,-3.2166588306e+00,-1.5200045109e+00
0.5,220,2.1641843319e+00,3.2693144679e-01
0.5,221,1.1918667555e+00,-3.3543879986e+00
0.5,222,1.2533655167e+00,-2.7179977894e+00
0.5,223,3.7874784470e+00,-6.0138034821e-01
0.5,224,-3.8947012424e+00,-3.1891319156e-01
0.5,225,3.1023449898e+00,-2.5354986191e+00
0.5,226,4.1995720863e+00,-3.1926214695e-01
0.5,227,-1.3202296495e+00,3.6131136417e+00
0.5,228,-2.1892368793e+00,-2.6151869297e+00
0.5,229,2.9443216324e+00,2.8791854382e+00
0.5,230,-5.1922470331e-02,3.8664777279e+00
0.5,231,-1.4145036936e+00,3.4827558994e+00
0.5,232,3.4859740734e-01,-3.9033339024e+00
0.5,233,-2.7605581284e+00,2.4475607872e+00
0.5,234,2.8735406399e+00,-1.3932998180e+00
0.5,235,2.1586124897e+00,-2.1828072071e+00
0.5,236,-3.5867998600e+00,1.1488052607e+00
0.5,237,-3.8909022808e+00,-2.0690111816e-01
0.5,238,4.1558074951e-01,-3.6349420547e+00
0.5,239,2.0213496685e+00,-3.4824550152e+00
0.5,240,-2.9091353416e+00,-2.3345947266e+00
0.5,241,-9.2345494032e-01,-3.6541023254e+00
0.5,242,-4.7731226683e-01,3.7156181335e+00
0.5,243,2.9237024784e+00,-2.8734223843e+00
0.5,244,-1.1092526913e+00,3.2518785000e+00
0.5,245,8.6052495241e-01,-3.4082105160e+00
0.5,246,-2.7403688431e+00,3.1190962791e+00
0.5,247,-3.1149678230e+00,1.9847362041e+00
0.5,248,2.7715916634e+00,1.6961896792e-02
0.5,249,-3.2027270794e+00,-2.2042119503e+00
0.5,250,-9.8923093081e-01,-3.5084145069e+00
0.5,251,-3.1534745693e+00,2.0095839500e+00
0.5,252,-1.5905965567e+00,3.1725966930e+00
0.5,253,-2.9880683422e+00,-3.1050038338e+00
0.5,254,1.7054052651e-01,-3.9671225548e+00
0.5,255,2.7374212742e+00,-2.9505684376e+00
0.1,0,-2.9639737606e+00,-2.9855101109e+00
0.1,1,-2.5971565247e+00,-2.8388748169e+00
0.1,2,2.9294569492e+00,2.7539000511e+00
0.1,3,-3.2201457769e-02,-4.2701191902e+00
0.1,4,2.3048467934e-01,-3.9960525036e+00
0.1,5,2.6944439411e+00,2.3696999550e+00
0.1,6,-1.4319254458e-01,3.8925123215e+00
0.1,7,3.9357159138e+00,-2.4278277159e-01
0.1,8,-2.9731974602e+00,-3.1505985260e+00
0.1,9,2.7344222069e+00,2.8096301556e+00
0.1,10,3.9285767078e-01,-4.0553212166e+00
0.1,11,-5.0401163101e-01,4.1754999161e+00
0.1,12,2.7595207691e+00,-2.6654527187e+00
0.1,13,-2.8942220211e+00,1.7065656185e+00
0.1,14,3.0898618698e+00,3.0589079857e+00
0.1,15,2.8454177380e+00,-2.7555496693e+00
0.1,16,-3.8545138836e+00,-1.8404695392e-01
0.1,17,-3.5578882694e+00,6.3430798054e-01
0.1,18,3.6734080315e+00,1.1272589862e-01
0.1,19,2.8975007534e+00,2.5040454865e+00
0.1,20,-7.6893460751e-01,3.5429072380e+00
0.1,21,-3.6611309052e+00,-2.6880007982e-01
0.1,22,1.2453578413e-01,4.2722601891e+00
0.1,23,-3.0326681137e+00,-3.0970790386e+00
0.1,24,-2.7739746571e+00,2.8363475800e+00
0.1,25,3.9157140255e+00,1.2132237665e-02
0.1,26,-2.5835876465e+00,-2.8184156418e+00
0.1,27,2.6822435856e+00,-2.6249010563e+00
0.1,28,-2.6717193127e+00,2.7995400429e+00
0.1,29,3.0582463741e+00,3.4117908478e+00
0.1,30,-3.0909962654e+00,-2.9684853554e+00
0.1,31,4.0841646194e+00,-4.4263136387e-01
0.1,32,-2.7124800682e+00,2.8746800423e+00
0.1,33,3.0219092369e+00,2.9432003498e+00
0.1,34,-2.9578807354e+00,3.7033412457e+00
0.1,35,-2.9409599304e+00,2.1053738594e+00
0.1,36,-4.1540961266e+00,-5.4742521048e-01
0.1,37,-2.8075540066e+00,-2.7965056896e+00
0.1,38,-3.0324792862e+00,2.9659523964e+00
0.1,39,-1.1533970833e+00,3.4097096920e+00
0.1,40,-1.1128039360e+00,3.3565912247e+00
0.1,41,-3.9716777802e+00,-1.6383172572e-01
0.1,42,2.9148063660e+00,-2.4288237095e+00
0.1,43,3.8406634331e+00,1.8524722755e-01
0.1,44,-4.6573767066e-01,4.3126411438e+00
0.1,45,-4.3026742935e+00,-1.8945793808e-01
0.1,46,-2.9649984837e+00,-2.9109117985e+00
0.1,47,-1.8884402514e-01,3.6801245213e+00
0.1,48,3.1261639595e+00,-2.8861165047e+00
0.1,49,2.0792145729e+00,2.9262526035e+00
0.1,50,-3.2130696774e+00,-3.0400762558e+00
0.1,51,-2.6486787796e+00,2.4339096546e+00
0.1,52,3.4939427376e+00,6.9725856185e-02
0.1,53,2.2376942635e+00,2.8431127071e+00
0.1,54,8.7297338247e-01,-3.6297197342e+00
0.1,55,2.6628696918e+00,-2.8588588238e+00
0.1,56,4.4167604297e-02,-4.3680815697e+00
0.1,57,-2.7871115208e+00,-1.9359105825e+00
0.1,58,3.7971014977e+00,2.5519061089e-01
0.1,59,-4.0060830116e+00,-1.9573715329e-01
0.1,60,-2.9127402306e+00,-2.7111392021e+00
0.1,61,4.1644358635e+00,-2.4802625179e-01
0.1,62,-1.3053755462e-01,3.8649935722e+00
0.1,63,2.9511158466e+00,2.9866588116e+00
0.1,64,-3.1277236938e+00,-2.3638401031e+00
0.1,65,-2.8913068771e+00,2.6267983913e+00
0.1,66,2.8421034813e+00,2.6215457916e+00
0.1,67,3.2271163464e+00,-2.7116084099e+00
0.1,68,-2.9856343269e+00,1.1037780046e+00
0.1,69,-2.7037820816e+00,-3.1179239750e+00
0.1,70,-1.2313035131e-01,-3.8545761108e+00
0.1,71,-2.9718523026e+00,1.7933626175e+00
0.1,72,-3.5680561066e+00,1.4540964365e-01
0.1,73,-4.6576701105e-02,3.8493568897e+00
0.1,74,1.9482035637e+00,2.8986811638e+00
0.1,75,-2.8615942001e+00,-2.1736791134e+00
0.1,76,7.6152764261e-02,-3.7978127003e+00
0.1,77,-4.2836155891e+00,-1.2566275895e-01
0.1,78,-3.7649006844e+00,4.2554122210e-01
0.1,79,1.7012457550e-01,3.4730243683e+00
0.1,80,2.8252773285e+00,-2.8317975998e+00
0.1,81,2.7118833065e+00,-2.1326780319e+00
0.1,82,2.9697270393e+00,-2.5142824650e+00
0.1,83,2.8921341896e+00,2.7329702377e+00
0.1,84,3.0880436897e+00,1.3877822161e+00
0.1,85,-2.4218707085e+00,2.6623573303e+00
0.1,86,-1.8013497591e+00,-3.3423981667e+00
0.1,87,1.8114148080e-01,-4.0359272957e+00
0.1,88,-1.4577547312e+00,-3.1532235146e+00
0.1,89,-4.2426757812e+00,-2.6717349887e-01
0.1,90,3.9305500984e+00,-8.1828646362e-03
0.1,91,3.1843860149e+00,2.6991689205e+00
0.1,92,-3.0231850147e+00,-2.7725589275e+00
0.1,93,4.0130114555e+00,-2.3186042905e-02
0.1,94,2.3441758156e+00,-3.0320007801e+00
0.1,95,-2.9822573662e+00,-2.9938790798e+00
0.1,96,-2.7515118122e+00,2.6853406429e+00
0.1,97,2.6695218086e+00,2.6259684563e+00
0.1,98,-5.4438948631e-02,3.7455549240e+00
0.1,99,-1.9245134592e+00,3.2393903732e+00
0.1,100,-6.8066857755e-02,-3.8922808170e+00
0.1,101,2.3081829548e+00,2.8794345856e+00
0.1,102,1.4970360994e+00,-3.4954972267e+00
0.1,103,2.6641075611e+00,-2.6947419643e+00
0.1,104,3.9609394073e+00,-3.1306389719e-02
0.1,105,2.9738962650e+00,2.7910642624e+00
0.1,106,-3.2146382332e+00,2.8693645000e+00
0.1,107,-2.5863161087e+00,-3.1642045975e+00
0.1,108,2.9655425549e+00,2.9418988228e+00
0.1,109,-2.7979104519e+00,2.6873424053e+00
0.1,110,3.1863226891e+00,-1.1089651585e+00
0.1,111,-4.0685577393e+00,-2.1138896048e-01
0.1,112,-6.4417606592e-01,4.0247945786e+00
0.1,113,5.1062417030e-01,3.3835856915e+00
0.1,114,-1.9907823801e+00,2.9954214096e+00
0.1,115,-4.2476829886e-01,-3.8733570576e+00
0.1,116,-1.7559198141e+00,-3.1447646618e+00
0.1,117,-2.6957874298e+00,2.8488285542e+00
0.1,118,-2.9000086784e+00,2.8054654598e+00
0.1,119,2.7560820580e+00,-3.1479930878e+00
0.1,120,-3.0125494003e+00,-3.1526024342e+00
0.1,121,4.5705568045e-02,-3.9100213051e+00
0.1,122,4.0460734367e+00,-1.2269944698e-01
0.1,123,3.2417004108e+00,-1.3781073093e+00
0.1,124,-2.6852080226e-01,3.8308339119e+00
0.1,125,2.9069116116e+00,-2.5359220505e+00
0.1,126,-4.0010666847e+00,-5.6044939905e-02
0.1,127,4.0917048454e+00,-5.5221188813e-02
0.1,128,-1.2675060332e-01,-3.7554488182e+00
0.1,129,-2.8824787140e+00,-2.6520032883e+00
0.1,130,9.2253494263e-01,-3.7324025631e+00
0.1,131,-2.5505609512e+00,-2.6457674503e+00
0.1,132,-3.0688661337e-01,3.9845011234e+00
0.1,133,2.6836998463e+00,-2.6594500542e+00
0.1,134,-1.4121820927e+00,-3.5501265526e+00
0.1,135,3.1276352406e+00,3.1954252720e+00
0.1,136,-2.4019730091e+00,2.8774874210e+00
0.1,137,3.5213558674e+00,6.8730258942e-01
0.1,138,-4.2580699921e+00,1.0879386216e-02
0.1,139,-2.7450010777e+00,-2.9764118195e+00
0.1,140,-2.3225812614e-01,3.8876020908e+00
0.1,141,2.7162756920e+00,-2.4200010300e+00
0.1,142,-4.0005278587e+00,-4.7074598074e-01
0.1,143,2.7493677139e+00,-2.9267320633e+00
0.1,144,2.7235462666e+00,2.8119235039e+00
0.1,145,-1.5135945082e+00,-3.3013868332e+00
0.1,146,-1.1198243499e-01,-3.8357858658e+00
0.1,147,-1.0722512752e-01,-3.6245019436e+00
0.1,148,-2.8544378281e+00,2.8003251553e+00
0.1,149,-2.6923472881e+00,3.1356797218e+00
0.1,150,3.2763860226e+00,-2.3016638756e+00
0.1,151,3.0482535362e+00,-2.3062374592e+00
0.1,152,-3.4105286598e+00,-1.4354066849e+00
0.1,153,-2.6884620190e+00,2.8146681786e+00
0.1,154,6.6657446325e-02,-3.9113197327e+00
0.1,155,-1.6078729928e-01,-3.8371870518e+00
0.1,156,-4.0445675850e+00,2.5270202756e-01
0.1,157,-2.9724957943e+00,-3.0552060604e+00
0.1,158,4.0624432564e+00,-1.0678260028e-01
0.1,159,-2.9206473827e+00,-2.4560251236e+00
0.1,160,-2.9159989357e+00,-1.8676382303e+00
0.1,161,2.8276222944e-01,3.7386007309e+00
0.1,162,3.2463729382e+00,2.8083443642e+00
0.1,163,3.0701167583e+00,-2.2758054733e+00
0.1,164,-3.2028398514e+00,3.0956168175e+00
0.1,165,5.5748796463e-01,3.4346103668e+00
0.1,166,7.7148251235e-02,-4.3451166153e+00
0.1,167,3.0872371197e+00,-2.8494176865e+00
0.1,168,-2.1878524125e-01,4.5617818832e+00
0.1,169,-2.4785215855e+00,2.5828292370e+00
0.1,170,1.5591104031e+00,-3.1745553017e+00
0.1,171,-2.9616861343e+00,3.1537325382e+00
0.1,172,3.1967654228e+00,-2.8272216320e+00
0.1,173,-3.1751880646e+00,-3.1865675449e+00
0.1,174,2.8504481316e+00,-2.6837012768e+00
0.1,175,3.2225539684e+00,-2.7326419353e+00
0.1,176,2.6319211721e-01,3.9279110432e+00
0.1,177,3.0142846107e+00,2.9256269932e+00
0.1,178,-2.0266854763e-01,4.0362372398e+00
0.1,179,2.6483878493e-01,3.8166251183e+00
0.1,180,3.8709847927e+00,-8.6299143732e-03
0.1,181,2.6310565472e+00,-2.8917539120e+00
0.1,182,-3.5009822845e+00,-1.4250974655e+00
0.1,183,-2.6460895538e+00,2.6700220108e+00
0.1,184,2.4249010086e+00,2.9267458916e+00
0.1,185,3.3245485276e-02,3.9495031834e+00
0.1,186,2.4626464844e+00,-2.7908587456e+00
0.1,187,-5.8383905888e-01,3.5308802128e+00
0.1,188,-2.6319177151e+00,-2.8922555447e+00
0.1,189,-2.5680942535e+00,-3.1664218903e+00
0.1,190,-2.3888249397e+00,2.7972846031e+00
0.1,191,-2.6017162800e+00,-2.6776170731e+00
0.1,192,2.5538966060e-01,3.6225168705e+00
0.1,193,3.0733489990e+00,2.8137514591e+00
0.1,194,3.5498860478e-01,-4.0620231628e+00
0.1,195,5.5544847250e-01,3.5040323734e+00
0.1,196,4.6664285660e-01,4.2627654076e+00
0.1,197,2.7876992226e+00,-3.0713379383e+00
0.1,198,-2.8135864735e+00,2.6871681213e+00
0.1,199,3.0766336918e+00,-2.5851099491e+00
0.1,200,-3.9403598309e+00,3.4863684326e-02
0.1,201,1.2949188054e-01,-4.3551588058e+00
0.1,202,3.6018383503e+00,-1.4041596651e+00
0.1,203,3.1747424603e+00,-2.7318131924e+00
0.1,204,3.1512055397e+00,-2.8231401443e+00
0.1,205,2.8625025749e+00,2.9114637375e+00
0.1,206,-3.8749215603e+00,-2.8378784657e-01
0.1,207,3.2303745747e+00,3.0736081600e+00
0.1,208,-2.1027530730e-01,3.8074328899e+00
0.1,209,-2.9607136250e+00,3.4668953419e+00
0.1,210,-2.7242996693e+00,-2.6680777073e+00
0.1,211,2.7407767773e+00,-2.6982591152e+00
0.1,212,-4.0310883522e+00,2.5789789855e-02
0.1,213,4.1274991632e-01,4.0421228409e+00
0.1,214,3.0680606365e+00,-2.5435822010e+00
0.1,215,2.5944685936e+00,-3.1204738617e+00
0.1,216,3.2919421196e+00,2.8623695374e+00
0.1,217,-2.7341344357e+00,2.6338071823e+00
0.1,218,3.9383120537e+00,9.2129908502e-02
0.1,219,-3.3157403469e+00,-1.5717842579e+00
0.1,220,3.5050706863e+00,2.9462173581e-01
0.1,221,4.2973819375e-01,-3.7287573814e+00
0.1,222,8.2671374083e-01,-3.2758350372e+00
0.1,223,4.0833725929e+00,-1.7855954170e-01
0.1,224,-4.1369161606e+00,-1.4551460743e-01
0.1,225,3.1979677677e+00,-2.7322385311e+00
0.1,226,4.5034141541e+00,-4.0449216962e-01
0.1,227,-1.1314662695e+00,3.9424350262e+00
0.1,228,-2.5817391872e+00,-2.7666165829e+00
0.1,229,3.0739078522e+00,2.9629857540e+00
0.1,230,-1.3013289869e-01,4.0072455406e+00
0.1,231,-1.4180437326e+00,3.6634225845e+00
0.1,232,2.3499451578e-01,-4.1051311493e+00
0.1,233,-2.7561058998e+00,2.7177350521e+00
0.1,234,3.2841372490e+00,-1.1393724680e+00
0.1,235,2.5153615475e+00,-2.5534117222e+00
0.1,236,-4.0251765251e+00,5.0849407911e-01
0.1,237,-4.1231226921e+00,-1.1563931406e-01
0.1,238,1.1889356375e-01,-3.8660356998e+00
0.1,239,2.8212966919e+00,-3.4890694618e+00
0.1,240,-2.8903553486e+00,-2.7047908306e+00
0.1,241,-3.1438228488e-01,-3.9863131046e+00
0.1,242,-2.3297460377e-01,3.9073693752e+00
0.1,243,3.0836057663e+00,-2.9967539310e+00
0.1,244,-9.1927158833e-01,3.3943557739e+00
0.1,245,1.6909609735e-01,-3.7526385784e+00
0.1,246,-3.0013892651e+00,3.3994860649e+00
0.1,247,-2.9552640915e+00,2.5885586739e+00
0.1,248,3.6330237389e+00,8.4666736424e-02
0.1,249,-3.1032197475e+00,-2.6998021603e+00
0.1,250,-4.0720474720e-01,-3.7435693741e+00
0.1,251,-3.0648176670e+00,2.6187522411e+00
0.1,252,-2.1299459934e+00,2.9870927334e+00
0.1,253,-3.1058404446e+00,-3.3277118206e+00
0.1,254,1.6039790213e-01,-4.1506509781e+00
0.1,255,2.9314088821e+00,-3.0570902824e+00
0.03,0,-2.9712138176e+00,-2.9898097515e+00
0.03,1,-2.5957930088e+00,-2.8834073544e+00
0.03,2,2.9916706085e+00,2.7184224129e+00
0.03,3,-6.7094899714e-02,-4.3160805702e+00
0.03,4,3.1042698026e-01,-4.0056996346e+00
0.03,5,2.6301264763e+00,2.5413382053e+00
0.03,6,-1.3373185694e-01,3.9109635353e+00
0.03,7,3.9774954319e+00,-1.6268876195e-01
0.03,8,-2.9846551418e+00,-3.2078635693e+00
0.03,9,2.7212898731e+00,2.8189373016e+00
0.03,10,4.8375555873e-01,-4.0522451401e+00
0.03,11,-5.2931231260e-01,4.2147779465e+00
0.03,12,2.7309505939e+00,-2.6295268536e+00
0.03,13,-2.6035261154e+00,2.1705381870e+00
0.03,14,3.0963704586e+00,3.1276245117e+00
0.03,15,2.8854198456e+00,-2.7851221561e+00
0.03,16,-3.8059158325e+00,-1.7385879159e-01
0.03,17,-3.7688491344e+00,1.8715916574e-01
0.03,18,3.6710033417e+00,1.4185553789e-01
0.03,19,2.8877258301e+00,2.6623034477e+00
0.03,20,-4.2734062672e-01,3.6855440140e+00
0.03,21,-3.6327750683e+00,-2.0252786577e-01
0.03,22,2.3835332692e-01,4.3050055504e+00
0.03,23,-3.0973038673e+00,-3.0947599411e+00
0.03,24,-2.8143336773e+00,2.8576521873e+00
0.03,25,3.9339694977e+00,9.9557507783e-03
0.03,26,-2.5770049095e+00,-2.8608675003e+00
0.03,27,2.6520512104e+00,-2.5923707485e+00
0.03,28,-2.6816020012e+00,2.8005380630e+00
0.03,29,3.0971391201e+00,3.4575099945e+00
0.03,30,-3.1684823036e+00,-2.9960501194e+00
0.03,31,4.1383681297e+00,-3.9442014694e-01
0.03,32,-2.7369005680e+00,2.9027957916e+00
0.03,33,3.0337777138e+00,2.9817440510e+00
0.03,34,-2.9225106239e+00,3.7868611813e+00
0.03,35,-2.7703163624e+00,2.5238714218e+00
0.03,36,-4.3680462837e+00,-3.5393124819e-01
0.03,37,-2.8609366417e+00,-2.8044919968e+00
0.03,38,-3.0698893070e+00,2.9616436958e+00
0.03,39,-1.0178713799e+00,3.4780156612e+00
0.03,40,-9.0743517876e-01,3.4447157383e+00
0.03,41,-3.9728932381e+00,-1.6674838960e-01
0.03,42,2.8498022556e+00,-2.4909813404e+00
0.03,43,3.8566861153e+00,1.3626693189e-01
0.03,44,-4.8893618584e-01,4.4016547203e+00
0.03,45,-4.3510808945e+00,-2.2716544569e-01
0.03,46,-2.9726488590e+00,-2.8960793018e+00
0.03,47,-1.6109555960e-01,3.6460931301e+00
0.03,48,3.1383001804e+00,-2.9355423450e+00
0.03,49,2.4868388176e+00,2.8271088600e+00
0.03,50,-3.2418918610e+00,-3.0041322708e+00
0.03,51,-2.6168179512e+00,2.5165238380e+00
0.03,52,3.5402221680e+00,1.3975758851e-01
0.03,53,2.5496921539e+00,2.7472643852e+00
0.03,54,5.6764000654e-01,-3.8281955719e+00
0.03,55,2.5778927803e+00,-2.9176793098e+00
0.03,56,3.7529397756e-02,-4.4206190109e+00
0.03,57,-2.6798760891e+00,-1.9346498251e+00
0.03,58,3.8262612820e+00,1.6747421026e-01
0.03,59,-4.0528359413e+00,-2.2955186665e-01
0.03,60,-2.9744856358e+00,-2.7017264366e+00
0.03,61,4.2460999489e+00,-2.5507220626e-01
0.03,62,-1.1758375913e-01,3.8864536285e+00
0.03,63,2.9291338921e+00,3.1334035397e+00
0.03,64,-3.1183228493e+00,-2.4593343735e+00
0.03,65,-2.8828938007e+00,2.6546478271e+00
0.03,66,2.8679354191e+00,2.6716520786e+00
0.03,67,3.2948195934e+00,-2.6630222797e+00
0.03,68,-2.8251276016e+00,1.2965295315e+00
0.03,69,-2.6558754444e+00,-3.2090342045e+00
0.03,70,-1.6380082071e-01,-3.8732421398e+00
0.03,71,-2.7590157986e+00,2.3368973732e+00
0.03,72,-3.6153299809e+00,-1.1902750283e-01
0.03,73,2.3587832693e-03,3.8736090660e+00
0.03,74,2.4232139587e+00,2.6981916428e+00
0.03,75,-2.8175303936e+00,-2.2751631737e+00
0.03,76,8.2642287016e-02,-3.7445461750e+00
0.03,77,-4.2982535362e+00,-8.5636742413e-02
0.03,78,-3.8787927628e+00,1.9793197513e-01
0.03,79,6.8325780332e-02,3.4835267067e+00
0.03,80,2.8733110428e+00,-2.8915724754e+00
0.03,81,2.7106082439e+00,-2.4012880325e+00
0.03,82,2.9931204319e+00,-2.5285005569e+00
0.03,83,2.9520552158e+00,2.7041516304e+00
0.03,84,2.7885873318e+00,1.9785865545e+00
0.03,85,-2.4026238918e+00,2.5699484348e+00
0.03,86,-2.2956662178e+00,-3.2342128754e+00
0.03,87,1.9877018034e-01,-4.0544552803e+00
0.03,88,-9.7060894966e-01,-3.2434325218e+00
0.03,89,-4.2788882256e+00,-2.7721840143e-01
0.03,90,3.9518120289e+00,-1.5574770980e-02
0.03,91,3.2222545147e+00,2.6749591827e+00
0.03,92,-3.0626924038e+00,-2.7324922085e+00
0.03,93,4.0560293198e+00,-1.9845707342e-02
0.03,94,2.3347589970e+00,-3.0420129299e+00
0.03,95,-2.9937448502e+00,-3.0042223930e+00
0.03,96,-2.7735960484e+00,2.6509678364e+00
0.03,97,2.7044067383e+00,2.6440069675e+00
0.03,98,-2.9317351058e-02,3.7293636799e+00
0.03,99,-2.3567779064e+00,3.1127188206e+00
0.03,100,-1.1216975003e-01,-3.9180233479e+00
0.03,101,2.5470077991e+00,2.8404421806e+00
0.03,102,1.5057913065e+00,-3.5483818054e+00
0.03,103,2.5893154144e+00,-2.7004172802e+00
0.03,104,3.9829132557e+00,-3.6221813411e-02
0.03,105,3.0268454552e+00,2.7546164989e+00
0.03,106,-3.4045603275e+00,2.7822864056e+00
0.03,107,-2.6146209240e+00,-3.2402038574e+00
0.03,108,2.9776360989e+00,3.0088837147e+00
0.03,109,-2.8159241676e+00,2.6612660885e+00
0.03,110,3.3768777847e+00,-7.2425734997e-01
0.03,111,-4.1465115547e+00,-2.4507969618e-01
0.03,112,-5.2569150925e-01,4.1560597420e+00
0.03,113,1.6475252807e-01,3.4635281563e+00
0.03,114,-2.3561875820e+00,2.8852727413e+00
0.03,115,-2.4570263922e-01,-3.9940147400e+00
0.03,116,-2.0182480812e+00,-3.0599074364e+00
0.03,117,-2.7109487057e+00,2.8687851429e+00
0.03,118,-2.9252996445e+00,2.8328146935e+00
0.03,119,2.6921873093e+00,-3.2721061707e+00
0.03,120,-3.0326788425e+00,-3.1938266754e+00
0.03,121,3.8928464055e-02,-3.9384136200e+00
0.03,122,4.0726246834e+00,-1.0215128958e-01
0.03,123,3.2654912472e+00,-1.2801167965e+00
0.03,124,-3.1141665578e-01,3.8492527008e+00
0.03,125,2.8992049694e+00,-2.5251224041e+00
0.03,126,-3.9989306927e+00,4.0622157976e-03
0.03,127,4.1346702576e+00,-3.1454827636e-02
0.03,128,-1.1852307618e-01,-3.7257969379e+00
0.03,129,-2.9587275982e+00,-2.6419422626e+00
0.03,130,5.6747287512e-01,-3.9488632679e+00
0.03,131,-2.5070290565e+00,-2.6696002483e+00
0.03,132,-3.9591288567e-01,4.0375957489e+00
0.03,133,2.6335828304e+00,-2.6428439617e+00
0.03,134,-1.6543289423e+00,-3.5402500629e+00
0.03,135,3.1607446671e+00,3.2335133553e+00
0.03,136,-2.4842619896e+00,2.8773972988e+00
0.03,137,3.6591866016e+00,3.8300815225e-01
0.03,138,-4.2862277031e+00,8.5164383054e-02
0.03,139,-2.7373943329e+00,-3.0034985542e+00
0.03,140,-2.8927198052e-01,3.9118800163e+00
0.03,141,2.6898992062e+00,-2.4780697823e+00
0.03,142,-4.1026554108e+00,-3.5415077209e-01
0.03,143,2.7697365284e+00,-2.9857678413e+00
0.03,144,2.7101230621e+00,2.8224966526e+00
0.03,145,-1.7481700182e+00,-3.2241220474e+00
0.03,146,-1.5114779770e-01,-3.8460235596e+00
0.03,147,-6.6596344113e-02,-3.5007038116e+00
0.03,148,-2.8840830326e+00,2.8239817619e+00
0.03,149,-2.6854660511e+00,3.2202198505e+00
0.03,150,3.2879383564e+00,-2.4456400871e+00
0.03,151,2.9923503399e+00,-2.4925014973e+00
0.03,152,-3.5075259209e+00,-1.1949013472e+00
0.03,153,-2.7011816502e+00,2.8209259510e+00
0.03,154,7.0220187306e-02,-3.9382045269e+00
0.03,155,-1.8877062201e-01,-3.8582019806e+00
0.03,156,-4.1212382317e+00,2.0310170949e-01
0.03,157,-3.0016200542e+00,-3.0629687309e+00
0.03,158,4.0971283913e+00,-8.6245290935e-02
0.03,159,-2.9972972870e+00,-2.4856836796e+00
0.03,160,-2.9008936882e+00,-1.7242261171e+00
0.03,161,1.6523946822e-01,3.8376045227e+00
0.03,162,3.3309144974e+00,2.7378394604e+00
0.03,163,3.0132858753e+00,-2.4876070023e+00
0.03,164,-3.4636847973e+00,3.2116742134e+00
0.03,165,2.5199612975e-01,3.4784712791e+00
0.03,166,9.0754583478e-02,-4.4243302345e+00
0.03,167,3.0921747684e+00,-2.9030792713e+00
0.03,168,-3.1536659598e-01,4.6251559258e+00
0.03,169,-2.4017567635e+00,2.5066764355e+00
0.03,170,1.9853100777e+00,-3.0283768177e+00
0.03,171,-2.9635691643e+00,3.2582039833e+00
0.03,172,3.2446558475e+00,-2.8927536011e+00
0.03,173,-3.2104802132e+00,-3.1627864838e+00
0.03,174,2.8737194538e+00,-2.6586930752e+00
0.03,175,3.2814276218e+00,-2.7162313461e+00
0.03,176,2.2870953381e-01,3.9700613022e+00
0.03,177,3.0316176414e+00,2.9537391663e+00
0.03,178,-2.9368394613e-01,4.0598845482e+00
0.03,179,1.9086721539e-01,3.8935036659e+00
0.03,180,3.8999407291e+00,-9.6718640998e-03
0.03,181,2.5364499092e+00,-2.9600448608e+00
0.03,182,-3.5494513512e+00,-1.3021426201e+00
0.03,183,-2.6945533752e+00,2.6340601444e+00
0.03,184,2.5400586128e+00,2.8976159096e+00
0.03,185,1.1277592182e-01,3.9415719509e+00
0.03,186,2.4536879063e+00,-2.8044250011e+00
0.03,187,-2.5805523992e-01,3.6260201931e+00
0.03,188,-2.6384427547e+00,-2.9368069172e+00
0.03,189,-2.6117100716e+00,-3.2366979122e+00
0.03,190,-2.4855871201e+00,2.7778158188e+00
0.03,191,-2.5688652992e+00,-2.7100594044e+00
0.03,192,1.5950837731e-01,3.6124856472e+00
0.03,193,3.1043765545e+00,2.7653391361e+00
0.03,194,4.5889016986e-01,-4.0540413857e+00
0.03,195,3.8313409686e-01,3.5118327141e+00
0.03,196,2.5465399027e-01,4.3340435028e+00
0.03,197,2.7791509628e+00,-3.1166152954e+00
0.03,198,-2.8299095631e+00,2.6650631428e+00
0.03,199,3.1654248238e+00,-2.5519404411e+00
0.03,200,-3.9134407043e+00,1.1275156587e-01
0.03,201,1.8873329461e-01,-4.4606618881e+00
0.03,202,3.8199150562e+00,-1.0806237459e+00
0.03,203,3.2070770264e+00,-2.7240653038e+00
0.03,204,3.1664721966e+00,-2.8731327057e+00
0.03,205,2.8857600689e+00,2.9554429054e+00
0.03,206,-3.8311793804e+00,-3.2691648602e-01
0.03,207,3.2731046677e+00,3.1145973206e+00
0.03,208,-2.5906470418e-01,3.8148026466e+00
0.03,209,-2.8895826340e+00,3.5589575768e+00
0.03,210,-2.7587020397e+00,-2.6958930492e+00
0.03,211,2.6947190762e+00,-2.6801168919e+00
0.03,212,-4.0332083702e+00,1.0674902797e-01
0.03,213,2.8945553303e-01,4.2237253189e+00
0.03,214,3.1525263786e+00,-2.5333538055e+00
0.03,215,2.4690093994e+00,-3.2205801010e+00
0.03,216,3.3711285591e+00,2.8448741436e+00
0.03,217,-2.7521448135e+00,2.6165552139e+00
0.03,218,3.9880642891e+00,4.4738847762e-02
0.03,219,-3.4274821281e+00,-1.3493686914e+00
0.03,220,3.5381152630e+00,2.1014276147e-01
0.03,221,2.5792247057e-01,-3.8168239594e+00
0.03,222,-1.1508307420e-02,-3.4337575436e+00
0.03,223,4.1295123100e+00,-1.9546958804e-01
0.03,224,-4.2049956322e+00,-1.6451787949e-01
0.03,225,3.2427377701e+00,-2.7178683281e+00
0.03,226,4.5320644379e+00,-4.3192100525e-01
0.03,227,-8.1251150370e-01,4.0970087051e+00
0.03,228,-2.5659770966e+00,-2.8025426865e+00
0.03,229,3.0897777081e+00,2.9967043400e+00
0.03,230,-1.2874665856e-01,3.9955530167e+00
0.03,231,-1.8220144510e+00,3.6008265018e+00
0.03,232,2.7447757125e-01,-4.1349973679e+00
0.03,233,-2.7803742886e+00,2.6850569248e+00
0.03,234,3.3993065357e+00,-8.6581796408e-01
0.03,235,2.6450548172e+00,-2.5228819847e+00
0.03,236,-4.1406688690e+00,3.2600659132e-01
0.03,237,-4.1988072395e+00,-1.2767951190e-01
0.03,238,1.6389058530e-01,-3.8650686741e+00
0.03,239,3.1508300304e+00,-3.4175684452e+00
0.03,240,-2.9577405453e+00,-2.6963546276e+00
0.03,241,-2.2548869252e-01,-4.1067690849e+00
0.03,242,-2.9058912396e-01,3.9345924854e+00
0.03,243,3.1063036919e+00,-2.9969706535e+00
0.03,244,-5.1080065966e-01,3.5317637920e+00
0.03,245,1.1330222338e-01,-3.7122092247e+00
0.03,246,-2.9868166447e+00,3.4380269051e+00
0.03,247,-2.9474976063e+00,2.6568844318e+00
0.03,248,3.6213102341e+00,1.1743652076e-01
0.03,249,-3.2175233364e+00,-2.6399395466e+00
0.03,250,-2.7671641111e-01,-3.8142333031e+00
0.03,251,-3.2514450550e+00,2.6490008831e+00
0.03,252,-2.4093539715e+00,2.9112646580e+00
0.03,253,-3.1217989922e+00,-3.4279720783e+00
0.03,254,1.4479041100e-01,-4.2208204269e+00
0.03,255,2.9808726311e+00,-3.0554463863e+00
