pair,seed,method,stage,w2,wall_s,nfe,params
gaussian->8gaussians,0,untransported,0,2.3784101009368896,0.0,0,0
gaussian->8gaussians,0,sinkhorn-eps0.5,105,0.31550732254981995,0.4532715000095777,0,0
gaussian->8gaussians,0,sinkhorn-eps0.1,434,0.13851290941238403,1.7266710000112653,0,0
gaussian->8gaussians,0,sinkhorn-eps0.03,500,0.11972251534461975,1.987021332999575,0,0
gaussian->8gaussians,0,bridge-matching-sde,10,0.15121276676654816,8.17944962499314,10,223362
gaussian->8gaussians,0,bridge-matching-ode,10,0.23031137883663177,8.17944962499314,10,223362
gaussian->8gaussians,0,bridge-matching-sde,50,0.11300428956747055,8.17944962499314,50,223362
gaussian->8gaussians,0,bridge-matching-ode,50,0.2531258761882782,8.17944962499314,50,223362
gaussian->8gaussians,0,bridge-matching-sde,100,0.10444865375757217,8.17944962499314,100,223362
gaussian->8gaussians,0,bridge-matching-ode,100,0.247935488820076,8.17944962499314,100,223362
gaussian->8gaussians,0,dsb,0,0.8567779660224915,3.345649883300939,20,446724
gaussian->8gaussians,0,dsb,1,0.5118577480316162,6.691299766601878,20,446724
gaussian->8gaussians,0,dsb,2,0.7719778418540955,10.036949649902818,20,446724
gaussian->8gaussians,0,dsb,3,0.9347701668739319,13.382599533203756,20,446724
gaussian->8gaussians,0,dsb,4,0.6187029480934143,16.728249416504696,20,446724
gaussian->8gaussians,0,dsb,5,0.5748676061630249,20.073899299805635,20,446724
gaussian->8gaussians,0,dsb,6,0.8536179065704346,23.419549183106575,20,446724
gaussian->8gaussians,0,dsb,7,0.9695793986320496,26.76519906640751,20,446724
gaussian->8gaussians,0,dsb,8,0.9737720489501953,30.11084894970845,20,446724
gaussian->8gaussians,0,dsb,9,0.9299303889274597,33.45649883300939,20,446724
gaussian->8gaussians,1,untransported,0,2.3724021911621094,0.0,0,0
gaussian->8gaussians,1,sinkhorn-eps0.5,123,0.30841735005378723,0.5708898750017397,0,0
gaussian->8gaussians,1,sinkhorn-eps0.1,455,0.15029746294021606,2.3726754160015844,0,0
gaussian->8gaussians,1,sinkhorn-eps0.03,500,0.14160141348838806,2.046421499995631,0,0
gaussian->8gaussians,1,bridge-matching-sde,10,0.1258040964603424,8.049872167001013,10,223362
gaussian->8gaussians,1,bridge-matching-ode,10,0.2904346287250519,8.049872167001013,10,223362
gaussian->8gaussians,1,bridge-matching-sde,50,0.1289576143026352,8.049872167001013,50,223362
gaussian->8gaussians,1,bridge-matching-ode,50,0.3125630021095276,8.049872167001013,50,223362
gaussian->8gaussians,1,bridge-matching-sde,100,0.09115142375230789,8.049872167001013,100,223362
gaussian->8gaussians,1,bridge-matching-ode,100,0.3126883804798126,8.049872167001013,100,223362
gaussian->8gaussians,1,dsb,0,0.825199544429779,3.395241095899837,20,446724
gaussian->8gaussians,1,dsb,1,0.5040758848190308,6.790482191799674,20,446724
gaussian->8gaussians,1,dsb,2,0.537695050239563,10.185723287699512,20,446724
gaussian->8gaussians,1,dsb,3,0.6809971928596497,13.580964383599348,20,446724
gaussian->8gaussians,1,dsb,4,0.6501517295837402,16.976205479499185,20,446724
gaussian->8gaussians,1,dsb,5,0.8060004115104675,20.371446575399023,20,446724
gaussian->8gaussians,1,dsb,6,0.633628249168396,23.76668767129886,20,446724
gaussian->8gaussians,1,dsb,7,0.7809218168258667,27.161928767198695,20,446724
gaussian->8gaussians,1,dsb,8,0.9622284770011902,30.557169863098533,20,446724
gaussian->8gaussians,1,dsb,9,0.9686173796653748,33.95241095899837,20,446724
gaussian->8gaussians,2,untransported,0,2.376960039138794,0.0,0,0
gaussian->8gaussians,2,sinkhorn-eps0.5,500,0.3316110670566559,2.073444791996735,0,0
gaussian->8gaussians,2,sinkhorn-eps0.1,431,0.1445315182209015,2.0887718339945422,0,0
gaussian->8gaussians,2,sinkhorn-eps0.03,500,0.12710131704807281,2.335164125004667,0,0
gaussian->8gaussians,2,bridge-matching-sde,10,0.17283667623996735,7.994442041992443,10,223362
gaussian->8gaussians,2,bridge-matching-ode,10,0.25969305634498596,7.994442041992443,10,223362
gaussian->8gaussians,2,bridge-matching-sde,50,0.13699766993522644,7.994442041992443,50,223362
gaussian->8gaussians,2,bridge-matching-ode,50,0.2823556065559387,7.994442041992443,50,223362
gaussian->8gaussians,2,bridge-matching-sde,100,0.11766978353261948,7.994442041992443,100,223362
gaussian->8gaussians,2,bridge-matching-ode,100,0.28433775901794434,7.994442041992443,100,223362
gaussian->8gaussians,2,dsb,0,0.8143264651298523,3.400935170899902,20,446724
gaussian->8gaussians,2,dsb,1,0.5742342472076416,6.801870341799804,20,446724
gaussian->8gaussians,2,dsb,2,0.6692948341369629,10.202805512699706,20,446724
gaussian->8gaussians,2,dsb,3,0.36714601516723633,13.603740683599607,20,446724
gaussian->8gaussians,2,dsb,4,0.9249639511108398,17.00467585449951,20,446724
gaussian->8gaussians,2,dsb,5,0.6150845289230347,20.405611025399413,20,446724
gaussian->8gaussians,2,dsb,6,1.0895302295684814,23.806546196299315,20,446724
gaussian->8gaussians,2,dsb,7,1.2613834142684937,27.207481367199215,20,446724
gaussian->8gaussians,2,dsb,8,1.0775235891342163,30.608416538099117,20,446724
gaussian->8gaussians,2,dsb,9,1.167880654335022,34.00935170899902,20,446724
moons->spiral,0,untransported,0,1.080049753189087,0.0,0,0
moons->spiral,0,sinkhorn-eps0.5,500,0.22241036593914032,2.0003526249929564,0,0
moons->spiral,0,sinkhorn-eps0.1,500,0.11957189440727234,2.0847603750007693,0,0
moons->spiral,0,sinkhorn-eps0.03,500,0.25853201746940613,2.215717291008332,0,0
moons->spiral,0,bridge-matching-sde,10,0.18502727150917053,7.985771374995238,10,223362
moons->spiral,0,bridge-matching-ode,10,0.4645247161388397,7.985771374995238,10,223362
moons->spiral,0,bridge-matching-sde,50,0.06388925015926361,7.985771374995238,50,223362
moons->spiral,0,bridge-matching-ode,50,0.29040491580963135,7.985771374995238,50,223362
moons->spiral,0,bridge-matching-sde,100,0.05603861063718796,7.985771374995238,100,223362
moons->spiral,0,bridge-matching-ode,100,0.2713237404823303,7.985771374995238,100,223362
moons->spiral,0,dsb,0,0.7626798152923584,3.286191887500172,20,446724
moons->spiral,0,dsb,1,0.8815724849700928,6.572383775000344,20,446724
moons->spiral,0,dsb,2,0.726628303527832,9.858575662500517,20,446724
moons->spiral,0,dsb,3,0.7817476391792297,13.144767550000688,20,446724
moons->spiral,0,dsb,4,0.792640745639801,16.43095943750086,20,446724
moons->spiral,0,dsb,5,0.7721883058547974,19.717151325001034,20,446724
moons->spiral,0,dsb,6,0.7857120633125305,23.003343212501203,20,446724
moons->spiral,0,dsb,7,0.7904473543167114,26.289535100001377,20,446724
moons->spiral,0,dsb,8,nan,29.575726987501547,20,446724
moons->spiral,0,dsb,9,nan,32.86191887500172,20,446724
moons->spiral,1,untransported,0,1.130164623260498,0.0,0,0
moons->spiral,1,sinkhorn-eps0.5,500,0.2196178287267685,1.9852312920120312,0,0
moons->spiral,1,sinkhorn-eps0.1,500,0.08153168112039566,2.0680440830037696,0,0
moons->spiral,1,sinkhorn-eps0.03,500,0.1541784405708313,2.029612250000355,0,0
moons->spiral,1,bridge-matching-sde,10,0.19362516701221466,8.188197957992088,10,223362
moons->spiral,1,bridge-matching-ode,10,0.4549050033092499,8.188197957992088,10,223362
moons->spiral,1,bridge-matching-sde,50,0.06963618844747543,8.188197957992088,50,223362
moons->spiral,1,bridge-matching-ode,50,0.2845173180103302,8.188197957992088,50,223362
moons->spiral,1,bridge-matching-sde,100,0.06016048416495323,8.188197957992088,100,223362
moons->spiral,1,bridge-matching-ode,100,0.26763778924942017,8.188197957992088,100,223362
moons->spiral,1,dsb,0,0.8309641480445862,3.281922087499697,20,446724
moons->spiral,1,dsb,1,0.8613241314888,6.563844174999394,20,446724
moons->spiral,1,dsb,2,0.9137009978294373,9.845766262499092,20,446724
moons->spiral,1,dsb,3,0.8580589890480042,13.127688349998788,20,446724
moons->spiral,1,dsb,4,0.7938541769981384,16.409610437498486,20,446724
moons->spiral,1,dsb,5,0.8477717638015747,19.691532524998184,20,446724
moons->spiral,1,dsb,6,0.7999783754348755,22.973454612497882,20,446724
moons->spiral,1,dsb,7,0.7929596304893494,26.255376699997576,20,446724
moons->spiral,1,dsb,8,0.9297762513160706,29.537298787497274,20,446724
moons->spiral,1,dsb,9,0.8933090567588806,32.81922087499697,20,446724
moons->spiral,2,untransported,0,1.0339581966400146,0.0,0,0
moons->spiral,2,sinkhorn-eps0.5,500,0.20063962042331696,1.9827972079947358,0,0
moons->spiral,2,sinkhorn-eps0.1,500,0.07490372657775879,1.982839625008637,0,0
moons->spiral,2,sinkhorn-eps0.03,500,0.21124185621738434,2.074889916999382,0,0
moons->spiral,2,bridge-matching-sde,10,0.18615780770778656,7.961076999999932,10,223362
moons->spiral,2,bridge-matching-ode,10,0.4330933690071106,7.961076999999932,10,223362
moons->spiral,2,bridge-matching-sde,50,0.06926201283931732,7.961076999999932,50,223362
moons->spiral,2,bridge-matching-ode,50,0.2641560137271881,7.961076999999932,50,223362
moons->spiral,2,bridge-matching-sde,100,0.07334131747484207,7.961076999999932,100,223362
moons->spiral,2,bridge-matching-ode,100,0.2488446831703186,7.961076999999932,100,223362
moons->spiral,2,dsb,0,0.9088384509086609,3.2754817166001886,20,446724
moons->spiral,2,dsb,1,0.7782310247421265,6.550963433200377,20,446724
moons->spiral,2,dsb,2,0.8675821423530579,9.826445149800566,20,446724
moons->spiral,2,dsb,3,0.8062404990196228,13.101926866400754,20,446724
moons->spiral,2,dsb,4,0.7785330414772034,16.377408583000943,20,446724
moons->spiral,2,dsb,5,0.8060616254806519,19.652890299601133,20,446724
moons->spiral,2,dsb,6,0.7475948929786682,22.92837201620132,20,446724
moons->spiral,2,dsb,7,0.8345855474472046,26.20385373280151,20,446724
moons->spiral,2,dsb,8,0.8067837357521057,29.479335449401695,20,446724
moons->spiral,2,dsb,9,0.7751106023788452,32.754817166001885,20,446724
circle->moons,0,untransported,0,1.303056001663208,0.0,0,0
circle->moons,0,sinkhorn-eps0.5,500,1.167235016822815,2.316122832999099,0,0
circle->moons,0,sinkhorn-eps0.1,500,1.1557358503341675,2.0999095419974765,0,0
circle->moons,0,sinkhorn-eps0.03,500,1.0566809177398682,2.0870942500041565,0,0
circle->moons,0,bridge-matching-sde,10,0.11688172817230225,7.955478999996558,10,223362
circle->moons,0,bridge-matching-ode,10,0.25913047790527344,7.955478999996558,10,223362
circle->moons,0,bridge-matching-sde,50,0.06455156207084656,7.955478999996558,50,223362
circle->moons,0,bridge-matching-ode,50,0.1918257474899292,7.955478999996558,50,223362
circle->moons,0,bridge-matching-sde,100,0.08078638464212418,7.955478999996558,100,223362
circle->moons,0,bridge-matching-ode,100,0.1861668974161148,7.955478999996558,100,223362
circle->moons,0,dsb,0,0.7305896878242493,3.278285033299471,20,446724
circle->moons,0,dsb,1,0.4840874671936035,6.556570066598942,20,446724
circle->moons,0,dsb,2,0.4363829493522644,9.834855099898414,20,446724
circle->moons,0,dsb,3,0.4902680218219757,13.113140133197884,20,446724
circle->moons,0,dsb,4,0.42367425560951233,16.391425166497356,20,446724
circle->moons,0,dsb,5,0.4400761127471924,19.669710199796828,20,446724
circle->moons,0,dsb,6,0.4690096378326416,22.9479952330963,20,446724
circle->moons,0,dsb,7,0.4679347574710846,26.22628026639577,20,446724
circle->moons,0,dsb,8,0.45440855622291565,29.50456529969524,20,446724
circle->moons,0,dsb,9,0.3787437081336975,32.78285033299471,20,446724
circle->moons,1,untransported,0,1.2915709018707275,0.0,0,0
circle->moons,1,sinkhorn-eps0.5,485,1.1353260278701782,1.9193028750014491,0,0
circle->moons,1,sinkhorn-eps0.1,500,1.1237883567810059,1.9871406669990392,0,0
circle->moons,1,sinkhorn-eps0.03,500,1.0298287868499756,1.9907501249981578,0,0
circle->moons,1,bridge-matching-sde,10,0.13093481957912445,8.240783041997929,10,223362
circle->moons,1,bridge-matching-ode,10,0.2737109363079071,8.240783041997929,10,223362
circle->moons,1,bridge-matching-sde,50,0.04843384772539139,8.240783041997929,50,223362
circle->moons,1,bridge-matching-ode,50,0.1870819479227066,8.240783041997929,50,223362
circle->moons,1,bridge-matching-sde,100,0.04125063866376877,8.240783041997929,100,223362
circle->moons,1,bridge-matching-ode,100,0.17838633060455322,8.240783041997929,100,223362
circle->moons,1,dsb,0,0.4420178532600403,3.2814728084005766,20,446724
circle->moons,1,dsb,1,0.3308270573616028,6.562945616801153,20,446724
circle->moons,1,dsb,2,0.42408838868141174,9.844418425201729,20,446724
circle->moons,1,dsb,3,0.4395672678947449,13.125891233602307,20,446724
circle->moons,1,dsb,4,0.37094300985336304,16.407364042002882,20,446724
circle->moons,1,dsb,5,0.3759628236293793,19.688836850403458,20,446724
circle->moons,1,dsb,6,0.3578740954399109,22.970309658804034,20,446724
circle->moons,1,dsb,7,0.3276357054710388,26.251782467204613,20,446724
circle->moons,1,dsb,8,0.4162396788597107,29.53325527560519,20,446724
circle->moons,1,dsb,9,0.3559414744377136,32.814728084005765,20,446724
circle->moons,2,untransported,0,1.2567079067230225,0.0,0,0
circle->moons,2,sinkhorn-eps0.5,500,1.1906218528747559,1.9891257920098724,0,0
circle->moons,2,sinkhorn-eps0.1,500,1.1778926849365234,1.9802809579996392,0,0
circle->moons,2,sinkhorn-eps0.03,500,1.0796282291412354,1.9845320419990458,0,0
circle->moons,2,bridge-matching-sde,10,0.12361543625593185,8.043730083008995,10,223362
circle->moons,2,bridge-matching-ode,10,0.26150277256965637,8.043730083008995,10,223362
circle->moons,2,bridge-matching-sde,50,0.04511941224336624,8.043730083008995,50,223362
circle->moons,2,bridge-matching-ode,50,0.1802968978881836,8.043730083008995,50,223362
circle->moons,2,bridge-matching-sde,100,0.048420730978250504,8.043730083008995,100,223362
circle->moons,2,bridge-matching-ode,100,0.1744353175163269,8.043730083008995,100,223362
circle->moons,2,dsb,0,0.60652756690979,3.279740925000806,20,446724
circle->moons,2,dsb,1,0.46551328897476196,6.559481850001612,20,446724
circle->moons,2,dsb,2,0.3738936483860016,9.839222775002417,20,446724
circle->moons,2,dsb,3,0.47617247700691223,13.118963700003224,20,446724
circle->moons,2,dsb,4,0.3495834767818451,16.39870462500403,20,446724
circle->moons,2,dsb,5,0.3631725609302521,19.678445550004835,20,446724
circle->moons,2,dsb,6,0.391645610332489,22.95818647500564,20,446724
circle->moons,2,dsb,7,0.40040990710258484,26.23792740000645,20,446724
circle->moons,2,dsb,8,0.3815113604068756,29.517668325007254,20,446724
circle->moons,2,dsb,9,0.33872920274734497,32.79740925000806,20,446724
